;;;;;;;;;;;;;;;;;;;;;;;;;;;;;;;;;27/11/2017;;;;;;
;Karta odczytowa            Karta odczytowa;;;;;;;;;;;;;;;;;;;;;;;;;;;;;;;;;;;;;;
;;Okres obrachunkowy:;;;;;;;;01-11-2017,00:00 - 02-11-2017,00:00;;;;;;;;;;;;;;;;;;;;;;;;;;;;;
;Typ licznika:;;;;G110 PL0000010328900000000000002016112_ECPP_P+;;;;;;;;;;;Strefa 1:;;;;;;Strefa 2:;;;;;Strefa 3:;;;;;Strefa 4:;;;;;;;
;LICZNIK INDUKCYJNY;;;;;;;;;;;;;;;Cała doba;;;;;;;;;;;;;;;;;;;;;;;
;Kierunek:;;;;;Stany liczydeł energii:;;;;;;;;;;;;;;;;;;;;;;;;;;;;;;;;;
;pobór;;;;Aktualne;;;;;;;25-10-2017,00:00;;;;012044,0000;;;;;;;;;;;;;;;;;;;;;;;
;Numer fabryczny:;;;;Poprzednie;;;;;;;25-10-2017,00:00;;;;012044,0000;;;;;;;;;;;;;;;;;;;;;;;
;71689380;;;;Różnica;;;;;;;;;;;000000,0000;;;;;;;;;;;;;;;;;;;;;;;
;Mnożna:;;1;;;;;;;;;;;;;;;;;;;;;;;;;;;;;;;;;;;;
;;;;;Zużycie;;;;;;;;;;;000000,0000;;;;Wh;;;;;;;;;;;;;;;;;;;
;Skala:;;1;;;Moce maksymalne bezstrefowo;;;;;;;;;;;;;;;;;;;;;;;;;;;;;;;;;
;Ilość cyfr liczydła:;;;6;;;;;;;;;;;;;;;;;;;;;;;;;;;;;;;;;;;
;Ilość cyfr ułamk.:;;;4;;;;;;;;;;;;;;;;;;;;;;;;;;;;;;;;;;;
;Wykonano z dnia:;;;;;;;;;;;;;;;;;;;;;;;;;;;;;;;;;;;;;;
;27-11-2017 11:40;;;;;;;;;;;;;;;;;;;;;;;;;;;;;;;;;;;;;;
;;;;;;;;;;;;;;;;;;;;;;;;;;;;;;;;;;;;;;;
;;;;;;;;;;;;;;;;;;;;;;;;;;;;;;;;;;;;;;;
;;;;;;;;;;;;;;;;;;;;;;;;;;;;;;;;;;;;;;;
;Typ licznika:;;;;G110 PL0000010328900000000000002016111_ECPP_P+;;;;;;;;;;;Strefa 1:;;;;;;Strefa 2:;;;;;Strefa 3:;;;;;Strefa 4:;;;;;;;
;LICZNIK INDUKCYJNY;;;;;;;;;;;;;;;Cała doba;;;;;;;;;;;;;;;;;;;;;;;
;Kierunek:;;;;;Stany liczydeł energii:;;;;;;;;;;;;;;;;;;;;;;;;;;;;;;;;;
;pobór;;;;Aktualne;;;;;;;25-10-2017,00:00;;;;041561,0000;;;;;;;;;;;;;;;;;;;;;;;
;Numer fabryczny:;;;;Poprzednie;;;;;;;25-10-2017,00:00;;;;041561,0000;;;;;;;;;;;;;;;;;;;;;;;
;71689399;;;;Różnica;;;;;;;;;;;000000,0000;;;;;;;;;;;;;;;;;;;;;;;
;Mnożna:;;1;;;;;;;;;;;;;;;;;;;;;;;;;;;;;;;;;;;;
;;;;;Zużycie;;;;;;;;;;;000000,0000;;;;Wh;;;;;;;;;;;;;;;;;;;
;Skala:;;1;;;Moce maksymalne bezstrefowo;;;;;;;;;;;;;;;;;;;;;;;;;;;;;;;;;
;Ilość cyfr liczydła:;;;6;;;;;;;;;;;;;;;;;;;;;;;;;;;;;;;;;;;
;Ilość cyfr ułamk.:;;;4;;;;;;;;;;;;;;;;;;;;;;;;;;;;;;;;;;;
;Wykonano z dnia:;;;;;;;;;;;;;;;;;;;;;;;;;;;;;;;;;;;;;;
;27-11-2017 11:40;;;;;;;;;;;;;;;;;;;;;;;;;;;;;;;;;;;;;;
;;;;;;;;;;;;;;;;;;;;;;;;;;;;;;;;;;;;;;;
;;;;;;;;;;;;;;;;;;;;;;;;;;;;;;;;;;;;;;;
;;;;;;;;;;;;;;;;;;;;;;;;;;;;;;;;;;;;;;;
;Typ licznika:;;;;G110 PL0000010328900000000000002016110_ECPP_P+;;;;;;;;;;;Strefa 1:;;;;;;Strefa 2:;;;;;Strefa 3:;;;;;Strefa 4:;;;;;;;
;LICZNIK INDUKCYJNY;;;;;;;;;;;;;;;Cała doba;;;;;;;;;;;;;;;;;;;;;;;
;Kierunek:;;;;;Stany liczydeł energii:;;;;;;;;;;;;;;;;;;;;;;;;;;;;;;;;;
;pobór;;;;Aktualne;;;;;;;25-10-2017,00:00;;;;021592,0000;;;;;;;;;;;;;;;;;;;;;;;
;Numer fabryczny:;;;;Poprzednie;;;;;;;25-10-2017,00:00;;;;021592,0000;;;;;;;;;;;;;;;;;;;;;;;
;71689106;;;;Różnica;;;;;;;;;;;000000,0000;;;;;;;;;;;;;;;;;;;;;;;
;Mnożna:;;1;;;;;;;;;;;;;;;;;;;;;;;;;;;;;;;;;;;;
;;;;;Zużycie;;;;;;;;;;;000000,0000;;;;Wh;;;;;;;;;;;;;;;;;;;
;Skala:;;1;;;Moce maksymalne bezstrefowo;;;;;;;;;;;;;;;;;;;;;;;;;;;;;;;;;
;Ilość cyfr liczydła:;;;6;;;;;;;;;;;;;;;;;;;;;;;;;;;;;;;;;;;
;Ilość cyfr ułamk.:;;;4;;;;;;;;;;;;;;;;;;;;;;;;;;;;;;;;;;;
;Wykonano z dnia:;;;;;;;;;;;;;;;;;;;;;;;;;;;;;;;;;;;;;;
;27-11-2017 11:40;;;;;;;;;;;;;;;;;;;;;;;;;;;;;;;;;;;;;;
;;;;;;;;;;;;;;;;;;;;;;;;;;;;;;;;;;;;;;;
;;;;;;;;;;;;;;;;;;;;;;;;;;;;;;;;;;;;;;;
;;;;;;;;;;;;;;;;;;;;;;;;;;;;;;;;;;;;;;;
;Typ licznika:;;;;G110 PL0000010328900000000000002015413_ECPP_P+;;;;;;;;;;;Strefa 1:;;;;;;Strefa 2:;;;;;Strefa 3:;;;;;Strefa 4:;;;;;;;
;LICZNIK INDUKCYJNY;;;;;;;;;;;;;;;Cała doba;;;;;;;;;;;;;;;;;;;;;;;
;Kierunek:;;;;;Stany liczydeł energii:;;;;;;;;;;;;;;;;;;;;;;;;;;;;;;;;;
;pobór;;;;Aktualne;;;;;;;25-10-2017,00:00;;;;013460,0000;;;;;;;;;;;;;;;;;;;;;;;
;Numer fabryczny:;;;;Poprzednie;;;;;;;25-10-2017,00:00;;;;013460,0000;;;;;;;;;;;;;;;;;;;;;;;
;71690528;;;;Różnica;;;;;;;;;;;000000,0000;;;;;;;;;;;;;;;;;;;;;;;
;Mnożna:;;1;;;;;;;;;;;;;;;;;;;;;;;;;;;;;;;;;;;;
;;;;;Zużycie;;;;;;;;;;;000000,0000;;;;Wh;;;;;;;;;;;;;;;;;;;
;Skala:;;1;;;Moce maksymalne bezstrefowo;;;;;;;;;;;;;;;;;;;;;;;;;;;;;;;;;
;Ilość cyfr liczydła:;;;6;;;;;;;;;;;;;;;;;;;;;;;;;;;;;;;;;;;
;Ilość cyfr ułamk.:;;;4;;;;;;;;;;;;;;;;;;;;;;;;;;;;;;;;;;;
;Wykonano z dnia:;;;;;;;;;;;;;;;;;;;;;;;;;;;;;;;;;;;;;;
;27-11-2017 11:40;;;;;;;;;;;;;;;;;;;;;;;;;;;;;;;;;;;;;;
;;;;;;;;;;;;;;;;;;;;;;;;;;;;;;;;;;;;;;;
;;;;;;;;;;;;;;;;;;;;;;;;;;;;;;;;;;;;;;;
;;;;;;;;;;;;;;;;;;;;;;;;;;;;;;;;;;;;;;;
;Typ licznika:;;;;G110 PL0000010328900000000000002015412_ECPP_P+;;;;;;;;;;;Strefa 1:;;;;;;Strefa 2:;;;;;Strefa 3:;;;;;Strefa 4:;;;;;;;
;LICZNIK INDUKCYJNY;;;;;;;;;;;;;;;Cała doba;;;;;;;;;;;;;;;;;;;;;;;
;Kierunek:;;;;;Stany liczydeł energii:;;;;;;;;;;;;;;;;;;;;;;;;;;;;;;;;;
;pobór;;;;Aktualne;;;;;;;25-10-2017,00:00;;;;036709,0000;;;;;;;;;;;;;;;;;;;;;;;
;Numer fabryczny:;;;;Poprzednie;;;;;;;25-10-2017,00:00;;;;036709,0000;;;;;;;;;;;;;;;;;;;;;;;
;71690598;;;;Różnica;;;;;;;;;;;000000,0000;;;;;;;;;;;;;;;;;;;;;;;
;Mnożna:;;1;;;;;;;;;;;;;;;;;;;;;;;;;;;;;;;;;;;;
;;;;;Zużycie;;;;;;;;;;;000000,0000;;;;Wh;;;;;;;;;;;;;;;;;;;
;Skala:;;1;;;Moce maksymalne bezstrefowo;;;;;;;;;;;;;;;;;;;;;;;;;;;;;;;;;
;Ilość cyfr liczydła:;;;6;;;;;;;;;;;;;;;;;;;;;;;;;;;;;;;;;;;
;Ilość cyfr ułamk.:;;;4;;;;;;;;;;;;;;;;;;;;;;;;;;;;;;;;;;;
;Wykonano z dnia:;;;;;;;;;;;;;;;;;;;;;;;;;;;;;;;;;;;;;;
;27-11-2017 11:40;;;;;;;;;;;;;;;;;;;;;;;;;;;;;;;;;;;;;;
;;;;;;;;;;;;;;;;;;;;;;;;;;;;;;;;;;;;;;;
;;;;;;;;;;;;;;;;;;;;;;;;;;;;;;;;;;;;;;;
;;;;;;;;;;;;;;;;;;;;;;;;;;;;;;;;;;;;;;;
;Typ licznika:;;;;G110 PL0000010328900000000000002015411_ECPP_P+;;;;;;;;;;;Strefa 1:;;;;;;Strefa 2:;;;;;Strefa 3:;;;;;Strefa 4:;;;;;;;
;LICZNIK INDUKCYJNY;;;;;;;;;;;;;;;Cała doba;;;;;;;;;;;;;;;;;;;;;;;
;Kierunek:;;;;;Stany liczydeł energii:;;;;;;;;;;;;;;;;;;;;;;;;;;;;;;;;;
;pobór;;;;Aktualne;;;;;;;25-10-2017,00:00;;;;010611,0000;;;;;;;;;;;;;;;;;;;;;;;
;Numer fabryczny:;;;;Poprzednie;;;;;;;25-10-2017,00:00;;;;010611,0000;;;;;;;;;;;;;;;;;;;;;;;
;71690465;;;;Różnica;;;;;;;;;;;000000,0000;;;;;;;;;;;;;;;;;;;;;;;
;Mnożna:;;1;;;;;;;;;;;;;;;;;;;;;;;;;;;;;;;;;;;;
;;;;;Zużycie;;;;;;;;;;;000000,0000;;;;Wh;;;;;;;;;;;;;;;;;;;
;Skala:;;1;;;Moce maksymalne bezstrefowo;;;;;;;;;;;;;;;;;;;;;;;;;;;;;;;;;
;Ilość cyfr liczydła:;;;6;;;;;;;;;;;;;;;;;;;;;;;;;;;;;;;;;;;
;Ilość cyfr ułamk.:;;;4;;;;;;;;;;;;;;;;;;;;;;;;;;;;;;;;;;;
;Wykonano z dnia:;;;;;;;;;;;;;;;;;;;;;;;;;;;;;;;;;;;;;;
;27-11-2017 11:40;;;;;;;;;;;;;;;;;;;;;;;;;;;;;;;;;;;;;;
;;;;;;;;;;;;;;;;;;;;;;;;;;;;;;;;;;;;;;;
;;;;;;;;;;;;;;;;;;;;;;;;;;;;;;;;;;;;;;;
;;;;;;;;;;;;;;;;;;;;;;;;;;;;;;;;;;;;;;;
;Typ licznika:;;;;G110 PL0000010328900000000000002015002_ECPP_P+;;;;;;;;;;;Strefa 1:;;;;;;Strefa 2:;;;;;Strefa 3:;;;;;Strefa 4:;;;;;;;
;LICZNIK INDUKCYJNY;;;;;;;;;;;;;;;Cała doba;;;;;;;;;;;;;;;;;;;;;;;
;Kierunek:;;;;;Stany liczydeł energii:;;;;;;;;;;;;;;;;;;;;;;;;;;;;;;;;;
;pobór;;;;Aktualne;;;;;;;25-10-2017,00:00;;;;008706,0000;;;;;;;;;;;;;;;;;;;;;;;
;Numer fabryczny:;;;;Poprzednie;;;;;;;25-10-2017,00:00;;;;008706,0000;;;;;;;;;;;;;;;;;;;;;;;
;71690655;;;;Różnica;;;;;;;;;;;000000,0000;;;;;;;;;;;;;;;;;;;;;;;
;Mnożna:;;1;;;;;;;;;;;;;;;;;;;;;;;;;;;;;;;;;;;;
;;;;;Zużycie;;;;;;;;;;;000000,0000;;;;Wh;;;;;;;;;;;;;;;;;;;
;Skala:;;1;;;Moce maksymalne bezstrefowo;;;;;;;;;;;;;;;;;;;;;;;;;;;;;;;;;
;Ilość cyfr liczydła:;;;6;;;;;;;;;;;;;;;;;;;;;;;;;;;;;;;;;;;
;Ilość cyfr ułamk.:;;;4;;;;;;;;;;;;;;;;;;;;;;;;;;;;;;;;;;;
;Wykonano z dnia:;;;;;;;;;;;;;;;;;;;;;;;;;;;;;;;;;;;;;;
;27-11-2017 11:40;;;;;;;;;;;;;;;;;;;;;;;;;;;;;;;;;;;;;;
;;;;;;;;;;;;;;;;;;;;;;;;;;;;;;;;;;;;;;;
;;;;;;;;;;;;;;;;;;;;;;;;;;;;;;;;;;;;;;;
;;;;;;;;;;;;;;;;;;;;;;;;;;;;;;;;;;;;;;;
;Typ licznika:;;;;G110 PL0000010328900000000000002015001_ECPP_P+;;;;;;;;;;;Strefa 1:;;;;;;Strefa 2:;;;;;Strefa 3:;;;;;Strefa 4:;;;;;;;
;LICZNIK INDUKCYJNY;;;;;;;;;;;;;;;Cała doba;;;;;;;;;;;;;;;;;;;;;;;
;Kierunek:;;;;;Stany liczydeł energii:;;;;;;;;;;;;;;;;;;;;;;;;;;;;;;;;;
;pobór;;;;Aktualne;;;;;;;25-10-2017,00:00;;;;038276,0000;;;;;;;;;;;;;;;;;;;;;;;
;Numer fabryczny:;;;;Poprzednie;;;;;;;25-10-2017,00:00;;;;038276,0000;;;;;;;;;;;;;;;;;;;;;;;
;71690906;;;;Różnica;;;;;;;;;;;000000,0000;;;;;;;;;;;;;;;;;;;;;;;
;Mnożna:;;1;;;;;;;;;;;;;;;;;;;;;;;;;;;;;;;;;;;;
;;;;;Zużycie;;;;;;;;;;;000000,0000;;;;Wh;;;;;;;;;;;;;;;;;;;
;Skala:;;1;;;Moce maksymalne bezstrefowo;;;;;;;;;;;;;;;;;;;;;;;;;;;;;;;;;
;Ilość cyfr liczydła:;;;6;;;;;;;;;;;;;;;;;;;;;;;;;;;;;;;;;;;
;Ilość cyfr ułamk.:;;;4;;;;;;;;;;;;;;;;;;;;;;;;;;;;;;;;;;;
;Wykonano z dnia:;;;;;;;;;;;;;;;;;;;;;;;;;;;;;;;;;;;;;;
;27-11-2017 11:40;;;;;;;;;;;;;;;;;;;;;;;;;;;;;;;;;;;;;;
;;;;;;;;;;;;;;;;;;;;;;;;;;;;;;;;;;;;;;;
;;;;;;;;;;;;;;;;;;;;;;;;;;;;;;;;;;;;;;;
;;;;;;;;;;;;;;;;;;;;;;;;;;;;;;;;;;;;;;;
;Typ licznika:;;;;G110 PL0000010328900000000000002014960_ECPP_P+;;;;;;;;;;;Strefa 1:;;;;;;Strefa 2:;;;;;Strefa 3:;;;;;Strefa 4:;;;;;;;
;LICZNIK INDUKCYJNY;;;;;;;;;;;;;;;Cała doba;;;;;;;;;;;;;;;;;;;;;;;
;Kierunek:;;;;;Stany liczydeł energii:;;;;;;;;;;;;;;;;;;;;;;;;;;;;;;;;;
;pobór;;;;Aktualne;;;;;;;25-10-2017,00:00;;;;014799,0000;;;;;;;;;;;;;;;;;;;;;;;
;Numer fabryczny:;;;;Poprzednie;;;;;;;25-10-2017,00:00;;;;014799,0000;;;;;;;;;;;;;;;;;;;;;;;
;71690650;;;;Różnica;;;;;;;;;;;000000,0000;;;;;;;;;;;;;;;;;;;;;;;
;Mnożna:;;1;;;;;;;;;;;;;;;;;;;;;;;;;;;;;;;;;;;;
;;;;;Zużycie;;;;;;;;;;;000000,0000;;;;Wh;;;;;;;;;;;;;;;;;;;
;Skala:;;1;;;Moce maksymalne bezstrefowo;;;;;;;;;;;;;;;;;;;;;;;;;;;;;;;;;
;Ilość cyfr liczydła:;;;6;;;;;;;;;;;;;;;;;;;;;;;;;;;;;;;;;;;
;Ilość cyfr ułamk.:;;;4;;;;;;;;;;;;;;;;;;;;;;;;;;;;;;;;;;;
;Wykonano z dnia:;;;;;;;;;;;;;;;;;;;;;;;;;;;;;;;;;;;;;;
;27-11-2017 11:40;;;;;;;;;;;;;;;;;;;;;;;;;;;;;;;;;;;;;;
;;;;;;;;;;;;;;;;;;;;;;;;;;;;;;;;;;;;;;;
;;;;;;;;;;;;;;;;;;;;;;;;;;;;;;;;;;;;;;;
;;;;;;;;;;;;;;;;;;;;;;;;;;;;;;;;;;;;;;;
;Typ licznika:;;;;G110 PL0000010328900000000000002014936_ECPP_P+;;;;;;;;;;;Strefa 1:;;;;;;Strefa 2:;;;;;Strefa 3:;;;;;Strefa 4:;;;;;;;
;LICZNIK INDUKCYJNY;;;;;;;;;;;;;;;Cała doba;;;;;;;;;;;;;;;;;;;;;;;
;Kierunek:;;;;;Stany liczydeł energii:;;;;;;;;;;;;;;;;;;;;;;;;;;;;;;;;;
;pobór;;;;Aktualne;;;;;;;25-10-2017,00:00;;;;007369,4100;;;;;;;;;;;;;;;;;;;;;;;
;Numer fabryczny:;;;;Poprzednie;;;;;;;25-10-2017,00:00;;;;007369,4100;;;;;;;;;;;;;;;;;;;;;;;
;71689111;;;;Różnica;;;;;;;;;;;000000,0000;;;;;;;;;;;;;;;;;;;;;;;
;Mnożna:;;1;;;;;;;;;;;;;;;;;;;;;;;;;;;;;;;;;;;;
;;;;;Zużycie;;;;;;;;;;;000000,0000;;;;Wh;;;;;;;;;;;;;;;;;;;
;Skala:;;1;;;Moce maksymalne bezstrefowo;;;;;;;;;;;;;;;;;;;;;;;;;;;;;;;;;
;Ilość cyfr liczydła:;;;6;;;;;;;;;;;;;;;;;;;;;;;;;;;;;;;;;;;
;Ilość cyfr ułamk.:;;;4;;;;;;;;;;;;;;;;;;;;;;;;;;;;;;;;;;;
;Wykonano z dnia:;;;;;;;;;;;;;;;;;;;;;;;;;;;;;;;;;;;;;;
;27-11-2017 11:40;;;;;;;;;;;;;;;;;;;;;;;;;;;;;;;;;;;;;;
;;;;;;;;;;;;;;;;;;;;;;;;;;;;;;;;;;;;;;;
;;;;;;;;;;;;;;;;;;;;;;;;;;;;;;;;;;;;;;;
;;;;;;;;;;;;;;;;;;;;;;;;;;;;;;;;;;;;;;;
;Typ licznika:;;;;G110 PL0000010328900000000000002014935_ECPP_P+;;;;;;;;;;;Strefa 1:;;;;;;Strefa 2:;;;;;Strefa 3:;;;;;Strefa 4:;;;;;;;
;LICZNIK INDUKCYJNY;;;;;;;;;;;;;;;Cała doba;;;;;;;;;;;;;;;;;;;;;;;
;Kierunek:;;;;;Stany liczydeł energii:;;;;;;;;;;;;;;;;;;;;;;;;;;;;;;;;;
;pobór;;;;Aktualne;;;;;;;25-10-2017,00:00;;;;016576,3000;;;;;;;;;;;;;;;;;;;;;;;
;Numer fabryczny:;;;;Poprzednie;;;;;;;25-10-2017,00:00;;;;016576,3000;;;;;;;;;;;;;;;;;;;;;;;
;71689118;;;;Różnica;;;;;;;;;;;000000,0000;;;;;;;;;;;;;;;;;;;;;;;
;Mnożna:;;1;;;;;;;;;;;;;;;;;;;;;;;;;;;;;;;;;;;;
;;;;;Zużycie;;;;;;;;;;;000000,0000;;;;Wh;;;;;;;;;;;;;;;;;;;
;Skala:;;1;;;Moce maksymalne bezstrefowo;;;;;;;;;;;;;;;;;;;;;;;;;;;;;;;;;
;Ilość cyfr liczydła:;;;6;;;;;;;;;;;;;;;;;;;;;;;;;;;;;;;;;;;
;Ilość cyfr ułamk.:;;;4;;;;;;;;;;;;;;;;;;;;;;;;;;;;;;;;;;;
;Wykonano z dnia:;;;;;;;;;;;;;;;;;;;;;;;;;;;;;;;;;;;;;;
;27-11-2017 11:40;;;;;;;;;;;;;;;;;;;;;;;;;;;;;;;;;;;;;;
;;;;;;;;;;;;;;;;;;;;;;;;;;;;;;;;;;;;;;;
;;;;;;;;;;;;;;;;;;;;;;;;;;;;;;;;;;;;;;;
;;;;;;;;;;;;;;;;;;;;;;;;;;;;;;;;;;;;;;;
;Typ licznika:;;;;G110 PL0000010328900000000000002014934_ECPP_P+;;;;;;;;;;;Strefa 1:;;;;;;Strefa 2:;;;;;Strefa 3:;;;;;Strefa 4:;;;;;;;
;LICZNIK INDUKCYJNY;;;;;;;;;;;;;;;Cała doba;;;;;;;;;;;;;;;;;;;;;;;
;Kierunek:;;;;;Stany liczydeł energii:;;;;;;;;;;;;;;;;;;;;;;;;;;;;;;;;;
;pobór;;;;Aktualne;;;;;;;25-10-2017,00:00;;;;012354,4300;;;;;;;;;;;;;;;;;;;;;;;
;Numer fabryczny:;;;;Poprzednie;;;;;;;25-10-2017,00:00;;;;012354,4300;;;;;;;;;;;;;;;;;;;;;;;
;71689110;;;;Różnica;;;;;;;;;;;000000,0000;;;;;;;;;;;;;;;;;;;;;;;
;Mnożna:;;1;;;;;;;;;;;;;;;;;;;;;;;;;;;;;;;;;;;;
;;;;;Zużycie;;;;;;;;;;;000000,0000;;;;Wh;;;;;;;;;;;;;;;;;;;
;Skala:;;1;;;Moce maksymalne bezstrefowo;;;;;;;;;;;;;;;;;;;;;;;;;;;;;;;;;
;Ilość cyfr liczydła:;;;6;;;;;;;;;;;;;;;;;;;;;;;;;;;;;;;;;;;
;Ilość cyfr ułamk.:;;;4;;;;;;;;;;;;;;;;;;;;;;;;;;;;;;;;;;;
;Wykonano z dnia:;;;;;;;;;;;;;;;;;;;;;;;;;;;;;;;;;;;;;;
;27-11-2017 11:40;;;;;;;;;;;;;;;;;;;;;;;;;;;;;;;;;;;;;;
;;;;;;;;;;;;;;;;;;;;;;;;;;;;;;;;;;;;;;;
;;;;;;;;;;;;;;;;;;;;;;;;;;;;;;;;;;;;;;;
;;;;;;;;;;;;;;;;;;;;;;;;;;;;;;;;;;;;;;;
;Typ licznika:;;;;G110 PL0000010328900000000000002014921_ECPP_P+;;;;;;;;;;;Strefa 1:;;;;;;Strefa 2:;;;;;Strefa 3:;;;;;Strefa 4:;;;;;;;
;LICZNIK INDUKCYJNY;;;;;;;;;;;;;;;Cała doba;;;;;;;;;;;;;;;;;;;;;;;
;Kierunek:;;;;;Stany liczydeł energii:;;;;;;;;;;;;;;;;;;;;;;;;;;;;;;;;;
;pobór;;;;Aktualne;;;;;;;25-10-2017,00:00;;;;006423,0000;;;;;;;;;;;;;;;;;;;;;;;
;Numer fabryczny:;;;;Poprzednie;;;;;;;25-10-2017,00:00;;;;006423,0000;;;;;;;;;;;;;;;;;;;;;;;
;71688539;;;;Różnica;;;;;;;;;;;000000,0000;;;;;;;;;;;;;;;;;;;;;;;
;Mnożna:;;1;;;;;;;;;;;;;;;;;;;;;;;;;;;;;;;;;;;;
;;;;;Zużycie;;;;;;;;;;;000000,0000;;;;Wh;;;;;;;;;;;;;;;;;;;
;Skala:;;1;;;Moce maksymalne bezstrefowo;;;;;;;;;;;;;;;;;;;;;;;;;;;;;;;;;
;Ilość cyfr liczydła:;;;6;;;;;;;;;;;;;;;;;;;;;;;;;;;;;;;;;;;
;Ilość cyfr ułamk.:;;;4;;;;;;;;;;;;;;;;;;;;;;;;;;;;;;;;;;;
;Wykonano z dnia:;;;;;;;;;;;;;;;;;;;;;;;;;;;;;;;;;;;;;;
;27-11-2017 11:40;;;;;;;;;;;;;;;;;;;;;;;;;;;;;;;;;;;;;;
;;;;;;;;;;;;;;;;;;;;;;;;;;;;;;;;;;;;;;;
;;;;;;;;;;;;;;;;;;;;;;;;;;;;;;;;;;;;;;;
;;;;;;;;;;;;;;;;;;;;;;;;;;;;;;;;;;;;;;;
;Typ licznika:;;;;G110 PL0000010328900000000000002014838_ECPP_P+;;;;;;;;;;;Strefa 1:;;;;;;Strefa 2:;;;;;Strefa 3:;;;;;Strefa 4:;;;;;;;
;LICZNIK INDUKCYJNY;;;;;;;;;;;;;;;Cała doba;;;;;;;;;;;;;;;;;;;;;;;
;Kierunek:;;;;;Stany liczydeł energii:;;;;;;;;;;;;;;;;;;;;;;;;;;;;;;;;;
;pobór;;;;Aktualne;;;;;;;25-10-2017,00:00;;;;006504,0000;;;;;;;;;;;;;;;;;;;;;;;
;Numer fabryczny:;;;;Poprzednie;;;;;;;25-10-2017,00:00;;;;006504,0000;;;;;;;;;;;;;;;;;;;;;;;
;71688537;;;;Różnica;;;;;;;;;;;000000,0000;;;;;;;;;;;;;;;;;;;;;;;
;Mnożna:;;1;;;;;;;;;;;;;;;;;;;;;;;;;;;;;;;;;;;;
;;;;;Zużycie;;;;;;;;;;;000000,0000;;;;Wh;;;;;;;;;;;;;;;;;;;
;Skala:;;1;;;Moce maksymalne bezstrefowo;;;;;;;;;;;;;;;;;;;;;;;;;;;;;;;;;
;Ilość cyfr liczydła:;;;6;;;;;;;;;;;;;;;;;;;;;;;;;;;;;;;;;;;
;Ilość cyfr ułamk.:;;;4;;;;;;;;;;;;;;;;;;;;;;;;;;;;;;;;;;;
;Wykonano z dnia:;;;;;;;;;;;;;;;;;;;;;;;;;;;;;;;;;;;;;;
;27-11-2017 11:40;;;;;;;;;;;;;;;;;;;;;;;;;;;;;;;;;;;;;;
;;;;;;;;;;;;;;;;;;;;;;;;;;;;;;;;;;;;;;;
;;;;;;;;;;;;;;;;;;;;;;;;;;;;;;;;;;;;;;;
;;;;;;;;;;;;;;;;;;;;;;;;;;;;;;;;;;;;;;;
;Typ licznika:;;;;G110 PL0000010328900000000000002014815_ECPP_P+;;;;;;;;;;;Strefa 1:;;;;;;Strefa 2:;;;;;Strefa 3:;;;;;Strefa 4:;;;;;;;
;LICZNIK INDUKCYJNY;;;;;;;;;;;;;;;Cała doba;;;;;;;;;;;;;;;;;;;;;;;
;Kierunek:;;;;;Stany liczydeł energii:;;;;;;;;;;;;;;;;;;;;;;;;;;;;;;;;;
;pobór;;;;Aktualne;;;;;;;25-10-2017,00:00;;;;008349,2300;;;;;;;;;;;;;;;;;;;;;;;
;Numer fabryczny:;;;;Poprzednie;;;;;;;25-10-2017,00:00;;;;008349,2300;;;;;;;;;;;;;;;;;;;;;;;
;71689709;;;;Różnica;;;;;;;;;;;000000,0000;;;;;;;;;;;;;;;;;;;;;;;
;Mnożna:;;1;;;;;;;;;;;;;;;;;;;;;;;;;;;;;;;;;;;;
;;;;;Zużycie;;;;;;;;;;;000000,0000;;;;Wh;;;;;;;;;;;;;;;;;;;
;Skala:;;1;;;Moce maksymalne bezstrefowo;;;;;;;;;;;;;;;;;;;;;;;;;;;;;;;;;
;Ilość cyfr liczydła:;;;6;;;;;;;;;;;;;;;;;;;;;;;;;;;;;;;;;;;
;Ilość cyfr ułamk.:;;;4;;;;;;;;;;;;;;;;;;;;;;;;;;;;;;;;;;;
;Wykonano z dnia:;;;;;;;;;;;;;;;;;;;;;;;;;;;;;;;;;;;;;;
;27-11-2017 11:40;;;;;;;;;;;;;;;;;;;;;;;;;;;;;;;;;;;;;;
;;;;;;;;;;;;;;;;;;;;;;;;;;;;;;;;;;;;;;;
;;;;;;;;;;;;;;;;;;;;;;;;;;;;;;;;;;;;;;;
;;;;;;;;;;;;;;;;;;;;;;;;;;;;;;;;;;;;;;;
;Typ licznika:;;;;G110 PL0000010328900000000000002014814_ECPP_P+;;;;;;;;;;;Strefa 1:;;;;;;Strefa 2:;;;;;Strefa 3:;;;;;Strefa 4:;;;;;;;
;LICZNIK INDUKCYJNY;;;;;;;;;;;;;;;Cała doba;;;;;;;;;;;;;;;;;;;;;;;
;Kierunek:;;;;;Stany liczydeł energii:;;;;;;;;;;;;;;;;;;;;;;;;;;;;;;;;;
;pobór;;;;Aktualne;;;;;;;25-10-2017,00:00;;;;018876,3600;;;;;;;;;;;;;;;;;;;;;;;
;Numer fabryczny:;;;;Poprzednie;;;;;;;25-10-2017,00:00;;;;018876,3600;;;;;;;;;;;;;;;;;;;;;;;
;71689770;;;;Różnica;;;;;;;;;;;000000,0000;;;;;;;;;;;;;;;;;;;;;;;
;Mnożna:;;1;;;;;;;;;;;;;;;;;;;;;;;;;;;;;;;;;;;;
;;;;;Zużycie;;;;;;;;;;;000000,0000;;;;Wh;;;;;;;;;;;;;;;;;;;
;Skala:;;1;;;Moce maksymalne bezstrefowo;;;;;;;;;;;;;;;;;;;;;;;;;;;;;;;;;
;Ilość cyfr liczydła:;;;6;;;;;;;;;;;;;;;;;;;;;;;;;;;;;;;;;;;
;Ilość cyfr ułamk.:;;;4;;;;;;;;;;;;;;;;;;;;;;;;;;;;;;;;;;;
;Wykonano z dnia:;;;;;;;;;;;;;;;;;;;;;;;;;;;;;;;;;;;;;;
;27-11-2017 11:40;;;;;;;;;;;;;;;;;;;;;;;;;;;;;;;;;;;;;;
;;;;;;;;;;;;;;;;;;;;;;;;;;;;;;;;;;;;;;;
;;;;;;;;;;;;;;;;;;;;;;;;;;;;;;;;;;;;;;;
;;;;;;;;;;;;;;;;;;;;;;;;;;;;;;;;;;;;;;;
;Typ licznika:;;;;G110 PL0000010328900000000000002014813_ECPP_P+;;;;;;;;;;;Strefa 1:;;;;;;Strefa 2:;;;;;Strefa 3:;;;;;Strefa 4:;;;;;;;
;LICZNIK INDUKCYJNY;;;;;;;;;;;;;;;Cała doba;;;;;;;;;;;;;;;;;;;;;;;
;Kierunek:;;;;;Stany liczydeł energii:;;;;;;;;;;;;;;;;;;;;;;;;;;;;;;;;;
;pobór;;;;Aktualne;;;;;;;25-10-2017,00:00;;;;019918,3700;;;;;;;;;;;;;;;;;;;;;;;
;Numer fabryczny:;;;;Poprzednie;;;;;;;25-10-2017,00:00;;;;019918,3700;;;;;;;;;;;;;;;;;;;;;;;
;71688818;;;;Różnica;;;;;;;;;;;000000,0000;;;;;;;;;;;;;;;;;;;;;;;
;Mnożna:;;1;;;;;;;;;;;;;;;;;;;;;;;;;;;;;;;;;;;;
;;;;;Zużycie;;;;;;;;;;;000000,0000;;;;Wh;;;;;;;;;;;;;;;;;;;
;Skala:;;1;;;Moce maksymalne bezstrefowo;;;;;;;;;;;;;;;;;;;;;;;;;;;;;;;;;
;Ilość cyfr liczydła:;;;6;;;;;;;;;;;;;;;;;;;;;;;;;;;;;;;;;;;
;Ilość cyfr ułamk.:;;;4;;;;;;;;;;;;;;;;;;;;;;;;;;;;;;;;;;;
;Wykonano z dnia:;;;;;;;;;;;;;;;;;;;;;;;;;;;;;;;;;;;;;;
;27-11-2017 11:40;;;;;;;;;;;;;;;;;;;;;;;;;;;;;;;;;;;;;;
;;;;;;;;;;;;;;;;;;;;;;;;;;;;;;;;;;;;;;;
;;;;;;;;;;;;;;;;;;;;;;;;;;;;;;;;;;;;;;;
;;;;;;;;;;;;;;;;;;;;;;;;;;;;;;;;;;;;;;;
;Typ licznika:;;;;G110 PL0000010328900000000000002014757_ECPP_P+;;;;;;;;;;;Strefa 1:;;;;;;Strefa 2:;;;;;Strefa 3:;;;;;Strefa 4:;;;;;;;
;LICZNIK INDUKCYJNY;;;;;;;;;;;;;;;Cała doba;;;;;;;;;;;;;;;;;;;;;;;
;Kierunek:;;;;;Stany liczydeł energii:;;;;;;;;;;;;;;;;;;;;;;;;;;;;;;;;;
;pobór;;;;Aktualne;;;;;;;25-10-2017,00:00;;;;006873,3800;;;;;;;;;;;;;;;;;;;;;;;
;Numer fabryczny:;;;;Poprzednie;;;;;;;25-10-2017,00:00;;;;006873,3800;;;;;;;;;;;;;;;;;;;;;;;
;71689121;;;;Różnica;;;;;;;;;;;000000,0000;;;;;;;;;;;;;;;;;;;;;;;
;Mnożna:;;1;;;;;;;;;;;;;;;;;;;;;;;;;;;;;;;;;;;;
;;;;;Zużycie;;;;;;;;;;;000000,0000;;;;Wh;;;;;;;;;;;;;;;;;;;
;Skala:;;1;;;Moce maksymalne bezstrefowo;;;;;;;;;;;;;;;;;;;;;;;;;;;;;;;;;
;Ilość cyfr liczydła:;;;6;;;;;;;;;;;;;;;;;;;;;;;;;;;;;;;;;;;
;Ilość cyfr ułamk.:;;;4;;;;;;;;;;;;;;;;;;;;;;;;;;;;;;;;;;;
;Wykonano z dnia:;;;;;;;;;;;;;;;;;;;;;;;;;;;;;;;;;;;;;;
;27-11-2017 11:40;;;;;;;;;;;;;;;;;;;;;;;;;;;;;;;;;;;;;;
;;;;;;;;;;;;;;;;;;;;;;;;;;;;;;;;;;;;;;;
;;;;;;;;;;;;;;;;;;;;;;;;;;;;;;;;;;;;;;;
;;;;;;;;;;;;;;;;;;;;;;;;;;;;;;;;;;;;;;;
;Typ licznika:;;;;G110 PL0000010328900000000000002014755_ECPP_P+;;;;;;;;;;;Strefa 1:;;;;;;Strefa 2:;;;;;Strefa 3:;;;;;Strefa 4:;;;;;;;
;LICZNIK INDUKCYJNY;;;;;;;;;;;;;;;Cała doba;;;;;;;;;;;;;;;;;;;;;;;
;Kierunek:;;;;;Stany liczydeł energii:;;;;;;;;;;;;;;;;;;;;;;;;;;;;;;;;;
;pobór;;;;Aktualne;;;;;;;25-10-2017,00:00;;;;012600,5100;;;;;;;;;;;;;;;;;;;;;;;
;Numer fabryczny:;;;;Poprzednie;;;;;;;25-10-2017,00:00;;;;012600,5100;;;;;;;;;;;;;;;;;;;;;;;
;71689128;;;;Różnica;;;;;;;;;;;000000,0000;;;;;;;;;;;;;;;;;;;;;;;
;Mnożna:;;1;;;;;;;;;;;;;;;;;;;;;;;;;;;;;;;;;;;;
;;;;;Zużycie;;;;;;;;;;;000000,0000;;;;Wh;;;;;;;;;;;;;;;;;;;
;Skala:;;1;;;Moce maksymalne bezstrefowo;;;;;;;;;;;;;;;;;;;;;;;;;;;;;;;;;
;Ilość cyfr liczydła:;;;6;;;;;;;;;;;;;;;;;;;;;;;;;;;;;;;;;;;
;Ilość cyfr ułamk.:;;;4;;;;;;;;;;;;;;;;;;;;;;;;;;;;;;;;;;;
;Wykonano z dnia:;;;;;;;;;;;;;;;;;;;;;;;;;;;;;;;;;;;;;;
;27-11-2017 11:40;;;;;;;;;;;;;;;;;;;;;;;;;;;;;;;;;;;;;;
;;;;;;;;;;;;;;;;;;;;;;;;;;;;;;;;;;;;;;;
;;;;;;;;;;;;;;;;;;;;;;;;;;;;;;;;;;;;;;;
;;;;;;;;;;;;;;;;;;;;;;;;;;;;;;;;;;;;;;;
;Typ licznika:;;;;G110 PL0000010328900000000000002014754_ECPP_P+;;;;;;;;;;;Strefa 1:;;;;;;Strefa 2:;;;;;Strefa 3:;;;;;Strefa 4:;;;;;;;
;LICZNIK INDUKCYJNY;;;;;;;;;;;;;;;Cała doba;;;;;;;;;;;;;;;;;;;;;;;
;Kierunek:;;;;;Stany liczydeł energii:;;;;;;;;;;;;;;;;;;;;;;;;;;;;;;;;;
;pobór;;;;Aktualne;;;;;;;25-10-2017,00:00;;;;014737,3700;;;;;;;;;;;;;;;;;;;;;;;
;Numer fabryczny:;;;;Poprzednie;;;;;;;25-10-2017,00:00;;;;014737,3700;;;;;;;;;;;;;;;;;;;;;;;
;71689237;;;;Różnica;;;;;;;;;;;000000,0000;;;;;;;;;;;;;;;;;;;;;;;
;Mnożna:;;1;;;;;;;;;;;;;;;;;;;;;;;;;;;;;;;;;;;;
;;;;;Zużycie;;;;;;;;;;;000000,0000;;;;Wh;;;;;;;;;;;;;;;;;;;
;Skala:;;1;;;Moce maksymalne bezstrefowo;;;;;;;;;;;;;;;;;;;;;;;;;;;;;;;;;
;Ilość cyfr liczydła:;;;6;;;;;;;;;;;;;;;;;;;;;;;;;;;;;;;;;;;
;Ilość cyfr ułamk.:;;;4;;;;;;;;;;;;;;;;;;;;;;;;;;;;;;;;;;;
;Wykonano z dnia:;;;;;;;;;;;;;;;;;;;;;;;;;;;;;;;;;;;;;;
;27-11-2017 11:40;;;;;;;;;;;;;;;;;;;;;;;;;;;;;;;;;;;;;;
;;;;;;;;;;;;;;;;;;;;;;;;;;;;;;;;;;;;;;;
;;;;;;;;;;;;;;;;;;;;;;;;;;;;;;;;;;;;;;;
;;;;;;;;;;;;;;;;;;;;;;;;;;;;;;;;;;;;;;;
;Typ licznika:;;;;G110 PL0000010328900000000000002014731_ECPP_P+;;;;;;;;;;;Strefa 1:;;;;;;Strefa 2:;;;;;Strefa 3:;;;;;Strefa 4:;;;;;;;
;LICZNIK INDUKCYJNY;;;;;;;;;;;;;;;Cała doba;;;;;;;;;;;;;;;;;;;;;;;
;Kierunek:;;;;;Stany liczydeł energii:;;;;;;;;;;;;;;;;;;;;;;;;;;;;;;;;;
;pobór;;;;Aktualne;;;;;;;25-10-2017,00:00;;;;008740,6000;;;;;;;;;;;;;;;;;;;;;;;
;Numer fabryczny:;;;;Poprzednie;;;;;;;25-10-2017,00:00;;;;008740,6000;;;;;;;;;;;;;;;;;;;;;;;
;71689108;;;;Różnica;;;;;;;;;;;000000,0000;;;;;;;;;;;;;;;;;;;;;;;
;Mnożna:;;1;;;;;;;;;;;;;;;;;;;;;;;;;;;;;;;;;;;;
;;;;;Zużycie;;;;;;;;;;;000000,0000;;;;Wh;;;;;;;;;;;;;;;;;;;
;Skala:;;1;;;Moce maksymalne bezstrefowo;;;;;;;;;;;;;;;;;;;;;;;;;;;;;;;;;
;Ilość cyfr liczydła:;;;6;;;;;;;;;;;;;;;;;;;;;;;;;;;;;;;;;;;
;Ilość cyfr ułamk.:;;;4;;;;;;;;;;;;;;;;;;;;;;;;;;;;;;;;;;;
;Wykonano z dnia:;;;;;;;;;;;;;;;;;;;;;;;;;;;;;;;;;;;;;;
;27-11-2017 11:40;;;;;;;;;;;;;;;;;;;;;;;;;;;;;;;;;;;;;;
;;;;;;;;;;;;;;;;;;;;;;;;;;;;;;;;;;;;;;;
;;;;;;;;;;;;;;;;;;;;;;;;;;;;;;;;;;;;;;;
;;;;;;;;;;;;;;;;;;;;;;;;;;;;;;;;;;;;;;;
;Typ licznika:;;;;G110 PL0000010328900000000000002014730_ECPP_P+;;;;;;;;;;;Strefa 1:;;;;;;Strefa 2:;;;;;Strefa 3:;;;;;Strefa 4:;;;;;;;
;LICZNIK INDUKCYJNY;;;;;;;;;;;;;;;Cała doba;;;;;;;;;;;;;;;;;;;;;;;
;Kierunek:;;;;;Stany liczydeł energii:;;;;;;;;;;;;;;;;;;;;;;;;;;;;;;;;;
;pobór;;;;Aktualne;;;;;;;25-10-2017,00:00;;;;022064,1600;;;;;;;;;;;;;;;;;;;;;;;
;Numer fabryczny:;;;;Poprzednie;;;;;;;25-10-2017,00:00;;;;022064,1600;;;;;;;;;;;;;;;;;;;;;;;
;71689115;;;;Różnica;;;;;;;;;;;000000,0000;;;;;;;;;;;;;;;;;;;;;;;
;Mnożna:;;1;;;;;;;;;;;;;;;;;;;;;;;;;;;;;;;;;;;;
;;;;;Zużycie;;;;;;;;;;;000000,0000;;;;Wh;;;;;;;;;;;;;;;;;;;
;Skala:;;1;;;Moce maksymalne bezstrefowo;;;;;;;;;;;;;;;;;;;;;;;;;;;;;;;;;
;Ilość cyfr liczydła:;;;6;;;;;;;;;;;;;;;;;;;;;;;;;;;;;;;;;;;
;Ilość cyfr ułamk.:;;;4;;;;;;;;;;;;;;;;;;;;;;;;;;;;;;;;;;;
;Wykonano z dnia:;;;;;;;;;;;;;;;;;;;;;;;;;;;;;;;;;;;;;;
;27-11-2017 11:40;;;;;;;;;;;;;;;;;;;;;;;;;;;;;;;;;;;;;;
;;;;;;;;;;;;;;;;;;;;;;;;;;;;;;;;;;;;;;;
;;;;;;;;;;;;;;;;;;;;;;;;;;;;;;;;;;;;;;;
;;;;;;;;;;;;;;;;;;;;;;;;;;;;;;;;;;;;;;;
;Typ licznika:;;;;G110 PL0000010328900000000000002014729_ECPP_P+;;;;;;;;;;;Strefa 1:;;;;;;Strefa 2:;;;;;Strefa 3:;;;;;Strefa 4:;;;;;;;
;LICZNIK INDUKCYJNY;;;;;;;;;;;;;;;Cała doba;;;;;;;;;;;;;;;;;;;;;;;
;Kierunek:;;;;;Stany liczydeł energii:;;;;;;;;;;;;;;;;;;;;;;;;;;;;;;;;;
;pobór;;;;Aktualne;;;;;;;25-10-2017,00:00;;;;015335,3400;;;;;;;;;;;;;;;;;;;;;;;
;Numer fabryczny:;;;;Poprzednie;;;;;;;25-10-2017,00:00;;;;015335,3400;;;;;;;;;;;;;;;;;;;;;;;
;71689104;;;;Różnica;;;;;;;;;;;000000,0000;;;;;;;;;;;;;;;;;;;;;;;
;Mnożna:;;1;;;;;;;;;;;;;;;;;;;;;;;;;;;;;;;;;;;;
;;;;;Zużycie;;;;;;;;;;;000000,0000;;;;Wh;;;;;;;;;;;;;;;;;;;
;Skala:;;1;;;Moce maksymalne bezstrefowo;;;;;;;;;;;;;;;;;;;;;;;;;;;;;;;;;
;Ilość cyfr liczydła:;;;6;;;;;;;;;;;;;;;;;;;;;;;;;;;;;;;;;;;
;Ilość cyfr ułamk.:;;;4;;;;;;;;;;;;;;;;;;;;;;;;;;;;;;;;;;;
;Wykonano z dnia:;;;;;;;;;;;;;;;;;;;;;;;;;;;;;;;;;;;;;;
;27-11-2017 11:40;;;;;;;;;;;;;;;;;;;;;;;;;;;;;;;;;;;;;;
;;;;;;;;;;;;;;;;;;;;;;;;;;;;;;;;;;;;;;;
;;;;;;;;;;;;;;;;;;;;;;;;;;;;;;;;;;;;;;;
;;;;;;;;;;;;;;;;;;;;;;;;;;;;;;;;;;;;;;;
;Typ licznika:;;;;G110 PL0000010328900000000000002014716_ECPP_P+;;;;;;;;;;;Strefa 1:;;;;;;Strefa 2:;;;;;Strefa 3:;;;;;Strefa 4:;;;;;;;
;LICZNIK INDUKCYJNY;;;;;;;;;;;;;;;Cała doba;;;;;;;;;;;;;;;;;;;;;;;
;Kierunek:;;;;;Stany liczydeł energii:;;;;;;;;;;;;;;;;;;;;;;;;;;;;;;;;;
;pobór;;;;Aktualne;;;;;;;25-10-2017,00:00;;;;007165,0000;;;;;;;;;;;;;;;;;;;;;;;
;Numer fabryczny:;;;;Poprzednie;;;;;;;25-10-2017,00:00;;;;007165,0000;;;;;;;;;;;;;;;;;;;;;;;
;71688567;;;;Różnica;;;;;;;;;;;000000,0000;;;;;;;;;;;;;;;;;;;;;;;
;Mnożna:;;1;;;;;;;;;;;;;;;;;;;;;;;;;;;;;;;;;;;;
;;;;;Zużycie;;;;;;;;;;;000000,0000;;;;Wh;;;;;;;;;;;;;;;;;;;
;Skala:;;1;;;Moce maksymalne bezstrefowo;;;;;;;;;;;;;;;;;;;;;;;;;;;;;;;;;
;Ilość cyfr liczydła:;;;6;;;;;;;;;;;;;;;;;;;;;;;;;;;;;;;;;;;
;Ilość cyfr ułamk.:;;;4;;;;;;;;;;;;;;;;;;;;;;;;;;;;;;;;;;;
;Wykonano z dnia:;;;;;;;;;;;;;;;;;;;;;;;;;;;;;;;;;;;;;;
;27-11-2017 11:40;;;;;;;;;;;;;;;;;;;;;;;;;;;;;;;;;;;;;;
;;;;;;;;;;;;;;;;;;;;;;;;;;;;;;;;;;;;;;;
;;;;;;;;;;;;;;;;;;;;;;;;;;;;;;;;;;;;;;;
;;;;;;;;;;;;;;;;;;;;;;;;;;;;;;;;;;;;;;;
;Typ licznika:;;;;G110 PL0000010328900000000000002014680_ECPP_P+;;;;;;;;;;;Strefa 1:;;;;;;Strefa 2:;;;;;Strefa 3:;;;;;Strefa 4:;;;;;;;
;LICZNIK INDUKCYJNY;;;;;;;;;;;;;;;Cała doba;;;;;;;;;;;;;;;;;;;;;;;
;Kierunek:;;;;;Stany liczydeł energii:;;;;;;;;;;;;;;;;;;;;;;;;;;;;;;;;;
;pobór;;;;Aktualne;;;;;;;25-10-2017,00:00;;;;005925,5600;;;;;;;;;;;;;;;;;;;;;;;
;Numer fabryczny:;;;;Poprzednie;;;;;;;25-10-2017,00:00;;;;005925,5600;;;;;;;;;;;;;;;;;;;;;;;
;71688586;;;;Różnica;;;;;;;;;;;000000,0000;;;;;;;;;;;;;;;;;;;;;;;
;Mnożna:;;1;;;;;;;;;;;;;;;;;;;;;;;;;;;;;;;;;;;;
;;;;;Zużycie;;;;;;;;;;;000000,0000;;;;Wh;;;;;;;;;;;;;;;;;;;
;Skala:;;1;;;Moce maksymalne bezstrefowo;;;;;;;;;;;;;;;;;;;;;;;;;;;;;;;;;
;Ilość cyfr liczydła:;;;6;;;;;;;;;;;;;;;;;;;;;;;;;;;;;;;;;;;
;Ilość cyfr ułamk.:;;;4;;;;;;;;;;;;;;;;;;;;;;;;;;;;;;;;;;;
;Wykonano z dnia:;;;;;;;;;;;;;;;;;;;;;;;;;;;;;;;;;;;;;;
;27-11-2017 11:40;;;;;;;;;;;;;;;;;;;;;;;;;;;;;;;;;;;;;;
;;;;;;;;;;;;;;;;;;;;;;;;;;;;;;;;;;;;;;;
;;;;;;;;;;;;;;;;;;;;;;;;;;;;;;;;;;;;;;;
;;;;;;;;;;;;;;;;;;;;;;;;;;;;;;;;;;;;;;;
;Typ licznika:;;;;G110 PL0000010328900000000000002014679_ECPP_P+;;;;;;;;;;;Strefa 1:;;;;;;Strefa 2:;;;;;Strefa 3:;;;;;Strefa 4:;;;;;;;
;LICZNIK INDUKCYJNY;;;;;;;;;;;;;;;Cała doba;;;;;;;;;;;;;;;;;;;;;;;
;Kierunek:;;;;;Stany liczydeł energii:;;;;;;;;;;;;;;;;;;;;;;;;;;;;;;;;;
;pobór;;;;Aktualne;;;;;;;25-10-2017,00:00;;;;018138,2400;;;;;;;;;;;;;;;;;;;;;;;
;Numer fabryczny:;;;;Poprzednie;;;;;;;25-10-2017,00:00;;;;018138,2400;;;;;;;;;;;;;;;;;;;;;;;
;71688815;;;;Różnica;;;;;;;;;;;000000,0000;;;;;;;;;;;;;;;;;;;;;;;
;Mnożna:;;1;;;;;;;;;;;;;;;;;;;;;;;;;;;;;;;;;;;;
;;;;;Zużycie;;;;;;;;;;;000000,0000;;;;Wh;;;;;;;;;;;;;;;;;;;
;Skala:;;1;;;Moce maksymalne bezstrefowo;;;;;;;;;;;;;;;;;;;;;;;;;;;;;;;;;
;Ilość cyfr liczydła:;;;6;;;;;;;;;;;;;;;;;;;;;;;;;;;;;;;;;;;
;Ilość cyfr ułamk.:;;;4;;;;;;;;;;;;;;;;;;;;;;;;;;;;;;;;;;;
;Wykonano z dnia:;;;;;;;;;;;;;;;;;;;;;;;;;;;;;;;;;;;;;;
;27-11-2017 11:40;;;;;;;;;;;;;;;;;;;;;;;;;;;;;;;;;;;;;;
;;;;;;;;;;;;;;;;;;;;;;;;;;;;;;;;;;;;;;;
;;;;;;;;;;;;;;;;;;;;;;;;;;;;;;;;;;;;;;;
;;;;;;;;;;;;;;;;;;;;;;;;;;;;;;;;;;;;;;;
;Typ licznika:;;;;G110 PL0000010328900000000000002014678_ECPP_P+;;;;;;;;;;;Strefa 1:;;;;;;Strefa 2:;;;;;Strefa 3:;;;;;Strefa 4:;;;;;;;
;LICZNIK INDUKCYJNY;;;;;;;;;;;;;;;Cała doba;;;;;;;;;;;;;;;;;;;;;;;
;Kierunek:;;;;;Stany liczydeł energii:;;;;;;;;;;;;;;;;;;;;;;;;;;;;;;;;;
;pobór;;;;Aktualne;;;;;;;25-10-2017,00:00;;;;024062,8700;;;;;;;;;;;;;;;;;;;;;;;
;Numer fabryczny:;;;;Poprzednie;;;;;;;25-10-2017,00:00;;;;024062,8700;;;;;;;;;;;;;;;;;;;;;;;
;71688821;;;;Różnica;;;;;;;;;;;000000,0000;;;;;;;;;;;;;;;;;;;;;;;
;Mnożna:;;1;;;;;;;;;;;;;;;;;;;;;;;;;;;;;;;;;;;;
;;;;;Zużycie;;;;;;;;;;;000000,0000;;;;Wh;;;;;;;;;;;;;;;;;;;
;Skala:;;1;;;Moce maksymalne bezstrefowo;;;;;;;;;;;;;;;;;;;;;;;;;;;;;;;;;
;Ilość cyfr liczydła:;;;6;;;;;;;;;;;;;;;;;;;;;;;;;;;;;;;;;;;
;Ilość cyfr ułamk.:;;;4;;;;;;;;;;;;;;;;;;;;;;;;;;;;;;;;;;;
;Wykonano z dnia:;;;;;;;;;;;;;;;;;;;;;;;;;;;;;;;;;;;;;;
;27-11-2017 11:40;;;;;;;;;;;;;;;;;;;;;;;;;;;;;;;;;;;;;;
;;;;;;;;;;;;;;;;;;;;;;;;;;;;;;;;;;;;;;;
;;;;;;;;;;;;;;;;;;;;;;;;;;;;;;;;;;;;;;;
;;;;;;;;;;;;;;;;;;;;;;;;;;;;;;;;;;;;;;;
;Typ licznika:;;;;G110 PL0000010328900000000000002014656_ECPP_P+;;;;;;;;;;;Strefa 1:;;;;;;Strefa 2:;;;;;Strefa 3:;;;;;Strefa 4:;;;;;;;
;LICZNIK INDUKCYJNY;;;;;;;;;;;;;;;Cała doba;;;;;;;;;;;;;;;;;;;;;;;
;Kierunek:;;;;;Stany liczydeł energii:;;;;;;;;;;;;;;;;;;;;;;;;;;;;;;;;;
;pobór;;;;Aktualne;;;;;;;25-10-2017,00:00;;;;012759,0000;;;;;;;;;;;;;;;;;;;;;;;
;Numer fabryczny:;;;;Poprzednie;;;;;;;25-10-2017,00:00;;;;012759,0000;;;;;;;;;;;;;;;;;;;;;;;
;71689853;;;;Różnica;;;;;;;;;;;000000,0000;;;;;;;;;;;;;;;;;;;;;;;
;Mnożna:;;1;;;;;;;;;;;;;;;;;;;;;;;;;;;;;;;;;;;;
;;;;;Zużycie;;;;;;;;;;;000000,0000;;;;Wh;;;;;;;;;;;;;;;;;;;
;Skala:;;1;;;Moce maksymalne bezstrefowo;;;;;;;;;;;;;;;;;;;;;;;;;;;;;;;;;
;Ilość cyfr liczydła:;;;6;;;;;;;;;;;;;;;;;;;;;;;;;;;;;;;;;;;
;Ilość cyfr ułamk.:;;;4;;;;;;;;;;;;;;;;;;;;;;;;;;;;;;;;;;;
;Wykonano z dnia:;;;;;;;;;;;;;;;;;;;;;;;;;;;;;;;;;;;;;;
;27-11-2017 11:40;;;;;;;;;;;;;;;;;;;;;;;;;;;;;;;;;;;;;;
;;;;;;;;;;;;;;;;;;;;;;;;;;;;;;;;;;;;;;;
;;;;;;;;;;;;;;;;;;;;;;;;;;;;;;;;;;;;;;;
;;;;;;;;;;;;;;;;;;;;;;;;;;;;;;;;;;;;;;;
;Typ licznika:;;;;G110 PL0000010328900000000000002014655_ECPP_P+;;;;;;;;;;;Strefa 1:;;;;;;Strefa 2:;;;;;Strefa 3:;;;;;Strefa 4:;;;;;;;
;LICZNIK INDUKCYJNY;;;;;;;;;;;;;;;Cała doba;;;;;;;;;;;;;;;;;;;;;;;
;Kierunek:;;;;;Stany liczydeł energii:;;;;;;;;;;;;;;;;;;;;;;;;;;;;;;;;;
;pobór;;;;Aktualne;;;;;;;25-10-2017,00:00;;;;045156,0000;;;;;;;;;;;;;;;;;;;;;;;
;Numer fabryczny:;;;;Poprzednie;;;;;;;25-10-2017,00:00;;;;045156,0000;;;;;;;;;;;;;;;;;;;;;;;
;71689868;;;;Różnica;;;;;;;;;;;000000,0000;;;;;;;;;;;;;;;;;;;;;;;
;Mnożna:;;1;;;;;;;;;;;;;;;;;;;;;;;;;;;;;;;;;;;;
;;;;;Zużycie;;;;;;;;;;;000000,0000;;;;Wh;;;;;;;;;;;;;;;;;;;
;Skala:;;1;;;Moce maksymalne bezstrefowo;;;;;;;;;;;;;;;;;;;;;;;;;;;;;;;;;
;Ilość cyfr liczydła:;;;6;;;;;;;;;;;;;;;;;;;;;;;;;;;;;;;;;;;
;Ilość cyfr ułamk.:;;;4;;;;;;;;;;;;;;;;;;;;;;;;;;;;;;;;;;;
;Wykonano z dnia:;;;;;;;;;;;;;;;;;;;;;;;;;;;;;;;;;;;;;;
;27-11-2017 11:40;;;;;;;;;;;;;;;;;;;;;;;;;;;;;;;;;;;;;;
;;;;;;;;;;;;;;;;;;;;;;;;;;;;;;;;;;;;;;;
;;;;;;;;;;;;;;;;;;;;;;;;;;;;;;;;;;;;;;;
;;;;;;;;;;;;;;;;;;;;;;;;;;;;;;;;;;;;;;;
;Typ licznika:;;;;G110 PL0000010328900000000000002014654_ECPP_P+;;;;;;;;;;;Strefa 1:;;;;;;Strefa 2:;;;;;Strefa 3:;;;;;Strefa 4:;;;;;;;
;LICZNIK INDUKCYJNY;;;;;;;;;;;;;;;Cała doba;;;;;;;;;;;;;;;;;;;;;;;
;Kierunek:;;;;;Stany liczydeł energii:;;;;;;;;;;;;;;;;;;;;;;;;;;;;;;;;;
;pobór;;;;Aktualne;;;;;;;25-10-2017,00:00;;;;008810,0000;;;;;;;;;;;;;;;;;;;;;;;
;Numer fabryczny:;;;;Poprzednie;;;;;;;25-10-2017,00:00;;;;008810,0000;;;;;;;;;;;;;;;;;;;;;;;
;71690084;;;;Różnica;;;;;;;;;;;000000,0000;;;;;;;;;;;;;;;;;;;;;;;
;Mnożna:;;1;;;;;;;;;;;;;;;;;;;;;;;;;;;;;;;;;;;;
;;;;;Zużycie;;;;;;;;;;;000000,0000;;;;Wh;;;;;;;;;;;;;;;;;;;
;Skala:;;1;;;Moce maksymalne bezstrefowo;;;;;;;;;;;;;;;;;;;;;;;;;;;;;;;;;
;Ilość cyfr liczydła:;;;6;;;;;;;;;;;;;;;;;;;;;;;;;;;;;;;;;;;
;Ilość cyfr ułamk.:;;;4;;;;;;;;;;;;;;;;;;;;;;;;;;;;;;;;;;;
;Wykonano z dnia:;;;;;;;;;;;;;;;;;;;;;;;;;;;;;;;;;;;;;;
;27-11-2017 11:40;;;;;;;;;;;;;;;;;;;;;;;;;;;;;;;;;;;;;;
;;;;;;;;;;;;;;;;;;;;;;;;;;;;;;;;;;;;;;;
;;;;;;;;;;;;;;;;;;;;;;;;;;;;;;;;;;;;;;;
;;;;;;;;;;;;;;;;;;;;;;;;;;;;;;;;;;;;;;;
;Typ licznika:;;;;G110 PL0000010328900000000000002014535_ECPP_P+;;;;;;;;;;;Strefa 1:;;;;;;Strefa 2:;;;;;Strefa 3:;;;;;Strefa 4:;;;;;;;
;LICZNIK INDUKCYJNY;;;;;;;;;;;;;;;Cała doba;;;;;;;;;;;;;;;;;;;;;;;
;Kierunek:;;;;;Stany liczydeł energii:;;;;;;;;;;;;;;;;;;;;;;;;;;;;;;;;;
;pobór;;;;Aktualne;;;;;;;25-10-2017,00:00;;;;077651,0900;;;;;;;;;;;;;;;;;;;;;;;
;Numer fabryczny:;;;;Poprzednie;;;;;;;25-10-2017,00:00;;;;077651,0900;;;;;;;;;;;;;;;;;;;;;;;
;71693129;;;;Różnica;;;;;;;;;;;000000,0000;;;;;;;;;;;;;;;;;;;;;;;
;Mnożna:;;1;;;;;;;;;;;;;;;;;;;;;;;;;;;;;;;;;;;;
;;;;;Zużycie;;;;;;;;;;;000000,0000;;;;Wh;;;;;;;;;;;;;;;;;;;
;Skala:;;1;;;Moce maksymalne bezstrefowo;;;;;;;;;;;;;;;;;;;;;;;;;;;;;;;;;
;Ilość cyfr liczydła:;;;6;;;;;;;;;;;;;;;;;;;;;;;;;;;;;;;;;;;
;Ilość cyfr ułamk.:;;;4;;;;;;;;;;;;;;;;;;;;;;;;;;;;;;;;;;;
;Wykonano z dnia:;;;;;;;;;;;;;;;;;;;;;;;;;;;;;;;;;;;;;;
;27-11-2017 11:40;;;;;;;;;;;;;;;;;;;;;;;;;;;;;;;;;;;;;;
;;;;;;;;;;;;;;;;;;;;;;;;;;;;;;;;;;;;;;;
;;;;;;;;;;;;;;;;;;;;;;;;;;;;;;;;;;;;;;;
;;;;;;;;;;;;;;;;;;;;;;;;;;;;;;;;;;;;;;;
;Typ licznika:;;;;G110 PL0000010328900000000000002014365_ECPP_P+;;;;;;;;;;;Strefa 1:;;;;;;Strefa 2:;;;;;Strefa 3:;;;;;Strefa 4:;;;;;;;
;LICZNIK INDUKCYJNY;;;;;;;;;;;;;;;Cała doba;;;;;;;;;;;;;;;;;;;;;;;
;Kierunek:;;;;;Stany liczydeł energii:;;;;;;;;;;;;;;;;;;;;;;;;;;;;;;;;;
;pobór;;;;Aktualne;;;;;;;25-10-2017,00:00;;;;008887,0000;;;;;;;;;;;;;;;;;;;;;;;
;Numer fabryczny:;;;;Poprzednie;;;;;;;25-10-2017,00:00;;;;008887,0000;;;;;;;;;;;;;;;;;;;;;;;
;71688523;;;;Różnica;;;;;;;;;;;000000,0000;;;;;;;;;;;;;;;;;;;;;;;
;Mnożna:;;1;;;;;;;;;;;;;;;;;;;;;;;;;;;;;;;;;;;;
;;;;;Zużycie;;;;;;;;;;;000000,0000;;;;Wh;;;;;;;;;;;;;;;;;;;
;Skala:;;1;;;Moce maksymalne bezstrefowo;;;;;;;;;;;;;;;;;;;;;;;;;;;;;;;;;
;Ilość cyfr liczydła:;;;6;;;;;;;;;;;;;;;;;;;;;;;;;;;;;;;;;;;
;Ilość cyfr ułamk.:;;;4;;;;;;;;;;;;;;;;;;;;;;;;;;;;;;;;;;;
;Wykonano z dnia:;;;;;;;;;;;;;;;;;;;;;;;;;;;;;;;;;;;;;;
;27-11-2017 11:40;;;;;;;;;;;;;;;;;;;;;;;;;;;;;;;;;;;;;;
;;;;;;;;;;;;;;;;;;;;;;;;;;;;;;;;;;;;;;;
;;;;;;;;;;;;;;;;;;;;;;;;;;;;;;;;;;;;;;;
;;;;;;;;;;;;;;;;;;;;;;;;;;;;;;;;;;;;;;;
;Typ licznika:;;;;G110 PL0000010328900000000000002014364_ECPP_P+;;;;;;;;;;;Strefa 1:;;;;;;Strefa 2:;;;;;Strefa 3:;;;;;Strefa 4:;;;;;;;
;LICZNIK INDUKCYJNY;;;;;;;;;;;;;;;Cała doba;;;;;;;;;;;;;;;;;;;;;;;
;Kierunek:;;;;;Stany liczydeł energii:;;;;;;;;;;;;;;;;;;;;;;;;;;;;;;;;;
;pobór;;;;Aktualne;;;;;;;25-10-2017,00:00;;;;030156,0000;;;;;;;;;;;;;;;;;;;;;;;
;Numer fabryczny:;;;;Poprzednie;;;;;;;25-10-2017,00:00;;;;030156,0000;;;;;;;;;;;;;;;;;;;;;;;
;71688515;;;;Różnica;;;;;;;;;;;000000,0000;;;;;;;;;;;;;;;;;;;;;;;
;Mnożna:;;1;;;;;;;;;;;;;;;;;;;;;;;;;;;;;;;;;;;;
;;;;;Zużycie;;;;;;;;;;;000000,0000;;;;Wh;;;;;;;;;;;;;;;;;;;
;Skala:;;1;;;Moce maksymalne bezstrefowo;;;;;;;;;;;;;;;;;;;;;;;;;;;;;;;;;
;Ilość cyfr liczydła:;;;6;;;;;;;;;;;;;;;;;;;;;;;;;;;;;;;;;;;
;Ilość cyfr ułamk.:;;;4;;;;;;;;;;;;;;;;;;;;;;;;;;;;;;;;;;;
;Wykonano z dnia:;;;;;;;;;;;;;;;;;;;;;;;;;;;;;;;;;;;;;;
;27-11-2017 11:40;;;;;;;;;;;;;;;;;;;;;;;;;;;;;;;;;;;;;;
;;;;;;;;;;;;;;;;;;;;;;;;;;;;;;;;;;;;;;;
;;;;;;;;;;;;;;;;;;;;;;;;;;;;;;;;;;;;;;;
;;;;;;;;;;;;;;;;;;;;;;;;;;;;;;;;;;;;;;;
;Typ licznika:;;;;G110 PL0000010328900000000000002014363_ECPP_P+;;;;;;;;;;;Strefa 1:;;;;;;Strefa 2:;;;;;Strefa 3:;;;;;Strefa 4:;;;;;;;
;LICZNIK INDUKCYJNY;;;;;;;;;;;;;;;Cała doba;;;;;;;;;;;;;;;;;;;;;;;
;Kierunek:;;;;;Stany liczydeł energii:;;;;;;;;;;;;;;;;;;;;;;;;;;;;;;;;;
;pobór;;;;Aktualne;;;;;;;25-10-2017,00:00;;;;016425,0000;;;;;;;;;;;;;;;;;;;;;;;
;Numer fabryczny:;;;;Poprzednie;;;;;;;25-10-2017,00:00;;;;016425,0000;;;;;;;;;;;;;;;;;;;;;;;
;71689094;;;;Różnica;;;;;;;;;;;000000,0000;;;;;;;;;;;;;;;;;;;;;;;
;Mnożna:;;1;;;;;;;;;;;;;;;;;;;;;;;;;;;;;;;;;;;;
;;;;;Zużycie;;;;;;;;;;;000000,0000;;;;Wh;;;;;;;;;;;;;;;;;;;
;Skala:;;1;;;Moce maksymalne bezstrefowo;;;;;;;;;;;;;;;;;;;;;;;;;;;;;;;;;
;Ilość cyfr liczydła:;;;6;;;;;;;;;;;;;;;;;;;;;;;;;;;;;;;;;;;
;Ilość cyfr ułamk.:;;;4;;;;;;;;;;;;;;;;;;;;;;;;;;;;;;;;;;;
;Wykonano z dnia:;;;;;;;;;;;;;;;;;;;;;;;;;;;;;;;;;;;;;;
;27-11-2017 11:40;;;;;;;;;;;;;;;;;;;;;;;;;;;;;;;;;;;;;;
;;;;;;;;;;;;;;;;;;;;;;;;;;;;;;;;;;;;;;;
;;;;;;;;;;;;;;;;;;;;;;;;;;;;;;;;;;;;;;;
;;;;;;;;;;;;;;;;;;;;;;;;;;;;;;;;;;;;;;;
;Typ licznika:;;;;G110 PL0000010328900000000000002014276_ECPP_P+;;;;;;;;;;;Strefa 1:;;;;;;Strefa 2:;;;;;Strefa 3:;;;;;Strefa 4:;;;;;;;
;LICZNIK INDUKCYJNY;;;;;;;;;;;;;;;Cała doba;;;;;;;;;;;;;;;;;;;;;;;
;Kierunek:;;;;;Stany liczydeł energii:;;;;;;;;;;;;;;;;;;;;;;;;;;;;;;;;;
;pobór;;;;Aktualne;;;;;;;25-10-2017,00:00;;;;012308,0000;;;;;;;;;;;;;;;;;;;;;;;
;Numer fabryczny:;;;;Poprzednie;;;;;;;25-10-2017,00:00;;;;012308,0000;;;;;;;;;;;;;;;;;;;;;;;
;71688551;;;;Różnica;;;;;;;;;;;000000,0000;;;;;;;;;;;;;;;;;;;;;;;
;Mnożna:;;1;;;;;;;;;;;;;;;;;;;;;;;;;;;;;;;;;;;;
;;;;;Zużycie;;;;;;;;;;;000000,0000;;;;Wh;;;;;;;;;;;;;;;;;;;
;Skala:;;1;;;Moce maksymalne bezstrefowo;;;;;;;;;;;;;;;;;;;;;;;;;;;;;;;;;
;Ilość cyfr liczydła:;;;6;;;;;;;;;;;;;;;;;;;;;;;;;;;;;;;;;;;
;Ilość cyfr ułamk.:;;;4;;;;;;;;;;;;;;;;;;;;;;;;;;;;;;;;;;;
;Wykonano z dnia:;;;;;;;;;;;;;;;;;;;;;;;;;;;;;;;;;;;;;;
;27-11-2017 11:40;;;;;;;;;;;;;;;;;;;;;;;;;;;;;;;;;;;;;;
;;;;;;;;;;;;;;;;;;;;;;;;;;;;;;;;;;;;;;;
;;;;;;;;;;;;;;;;;;;;;;;;;;;;;;;;;;;;;;;
;;;;;;;;;;;;;;;;;;;;;;;;;;;;;;;;;;;;;;;
;Typ licznika:;;;;G110 PL0000010328900000000000002014275_ECPP_P+;;;;;;;;;;;Strefa 1:;;;;;;Strefa 2:;;;;;Strefa 3:;;;;;Strefa 4:;;;;;;;
;LICZNIK INDUKCYJNY;;;;;;;;;;;;;;;Cała doba;;;;;;;;;;;;;;;;;;;;;;;
;Kierunek:;;;;;Stany liczydeł energii:;;;;;;;;;;;;;;;;;;;;;;;;;;;;;;;;;
;pobór;;;;Aktualne;;;;;;;25-10-2017,00:00;;;;040404,0000;;;;;;;;;;;;;;;;;;;;;;;
;Numer fabryczny:;;;;Poprzednie;;;;;;;25-10-2017,00:00;;;;040404,0000;;;;;;;;;;;;;;;;;;;;;;;
;71690085;;;;Różnica;;;;;;;;;;;000000,0000;;;;;;;;;;;;;;;;;;;;;;;
;Mnożna:;;1;;;;;;;;;;;;;;;;;;;;;;;;;;;;;;;;;;;;
;;;;;Zużycie;;;;;;;;;;;000000,0000;;;;Wh;;;;;;;;;;;;;;;;;;;
;Skala:;;1;;;Moce maksymalne bezstrefowo;;;;;;;;;;;;;;;;;;;;;;;;;;;;;;;;;
;Ilość cyfr liczydła:;;;6;;;;;;;;;;;;;;;;;;;;;;;;;;;;;;;;;;;
;Ilość cyfr ułamk.:;;;4;;;;;;;;;;;;;;;;;;;;;;;;;;;;;;;;;;;
;Wykonano z dnia:;;;;;;;;;;;;;;;;;;;;;;;;;;;;;;;;;;;;;;
;27-11-2017 11:40;;;;;;;;;;;;;;;;;;;;;;;;;;;;;;;;;;;;;;
;;;;;;;;;;;;;;;;;;;;;;;;;;;;;;;;;;;;;;;
;;;;;;;;;;;;;;;;;;;;;;;;;;;;;;;;;;;;;;;
;;;;;;;;;;;;;;;;;;;;;;;;;;;;;;;;;;;;;;;
;Typ licznika:;;;;G110 PL0000010328900000000000002014274_ECPP_P+;;;;;;;;;;;Strefa 1:;;;;;;Strefa 2:;;;;;Strefa 3:;;;;;Strefa 4:;;;;;;;
;LICZNIK INDUKCYJNY;;;;;;;;;;;;;;;Cała doba;;;;;;;;;;;;;;;;;;;;;;;
;Kierunek:;;;;;Stany liczydeł energii:;;;;;;;;;;;;;;;;;;;;;;;;;;;;;;;;;
;pobór;;;;Aktualne;;;;;;;25-10-2017,00:00;;;;011827,3900;;;;;;;;;;;;;;;;;;;;;;;
;Numer fabryczny:;;;;Poprzednie;;;;;;;25-10-2017,00:00;;;;011827,3900;;;;;;;;;;;;;;;;;;;;;;;
;71688878;;;;Różnica;;;;;;;;;;;000000,0000;;;;;;;;;;;;;;;;;;;;;;;
;Mnożna:;;1;;;;;;;;;;;;;;;;;;;;;;;;;;;;;;;;;;;;
;;;;;Zużycie;;;;;;;;;;;000000,0000;;;;Wh;;;;;;;;;;;;;;;;;;;
;Skala:;;1;;;Moce maksymalne bezstrefowo;;;;;;;;;;;;;;;;;;;;;;;;;;;;;;;;;
;Ilość cyfr liczydła:;;;6;;;;;;;;;;;;;;;;;;;;;;;;;;;;;;;;;;;
;Ilość cyfr ułamk.:;;;4;;;;;;;;;;;;;;;;;;;;;;;;;;;;;;;;;;;
;Wykonano z dnia:;;;;;;;;;;;;;;;;;;;;;;;;;;;;;;;;;;;;;;
;27-11-2017 11:40;;;;;;;;;;;;;;;;;;;;;;;;;;;;;;;;;;;;;;
;;;;;;;;;;;;;;;;;;;;;;;;;;;;;;;;;;;;;;;
;;;;;;;;;;;;;;;;;;;;;;;;;;;;;;;;;;;;;;;
;;;;;;;;;;;;;;;;;;;;;;;;;;;;;;;;;;;;;;;
;Typ licznika:;;;;G110 PL0000010328900000000000002014153_ECPP_P+;;;;;;;;;;;Strefa 1:;;;;;;Strefa 2:;;;;;Strefa 3:;;;;;Strefa 4:;;;;;;;
;LICZNIK INDUKCYJNY;;;;;;;;;;;;;;;Cała doba;;;;;;;;;;;;;;;;;;;;;;;
;Kierunek:;;;;;Stany liczydeł energii:;;;;;;;;;;;;;;;;;;;;;;;;;;;;;;;;;
;pobór;;;;Aktualne;;;;;;;25-10-2017,00:00;;;;010727,0000;;;;;;;;;;;;;;;;;;;;;;;
;Numer fabryczny:;;;;Poprzednie;;;;;;;25-10-2017,00:00;;;;010727,0000;;;;;;;;;;;;;;;;;;;;;;;
;71690985;;;;Różnica;;;;;;;;;;;000000,0000;;;;;;;;;;;;;;;;;;;;;;;
;Mnożna:;;1;;;;;;;;;;;;;;;;;;;;;;;;;;;;;;;;;;;;
;;;;;Zużycie;;;;;;;;;;;000000,0000;;;;Wh;;;;;;;;;;;;;;;;;;;
;Skala:;;1;;;Moce maksymalne bezstrefowo;;;;;;;;;;;;;;;;;;;;;;;;;;;;;;;;;
;Ilość cyfr liczydła:;;;6;;;;;;;;;;;;;;;;;;;;;;;;;;;;;;;;;;;
;Ilość cyfr ułamk.:;;;4;;;;;;;;;;;;;;;;;;;;;;;;;;;;;;;;;;;
;Wykonano z dnia:;;;;;;;;;;;;;;;;;;;;;;;;;;;;;;;;;;;;;;
;27-11-2017 11:40;;;;;;;;;;;;;;;;;;;;;;;;;;;;;;;;;;;;;;
;;;;;;;;;;;;;;;;;;;;;;;;;;;;;;;;;;;;;;;
;;;;;;;;;;;;;;;;;;;;;;;;;;;;;;;;;;;;;;;
;;;;;;;;;;;;;;;;;;;;;;;;;;;;;;;;;;;;;;;
;Typ licznika:;;;;G110 PL0000010328900000000000002014152_ECPP_P+;;;;;;;;;;;Strefa 1:;;;;;;Strefa 2:;;;;;Strefa 3:;;;;;Strefa 4:;;;;;;;
;LICZNIK INDUKCYJNY;;;;;;;;;;;;;;;Cała doba;;;;;;;;;;;;;;;;;;;;;;;
;Kierunek:;;;;;Stany liczydeł energii:;;;;;;;;;;;;;;;;;;;;;;;;;;;;;;;;;
;pobór;;;;Aktualne;;;;;;;25-10-2017,00:00;;;;041498,0000;;;;;;;;;;;;;;;;;;;;;;;
;Numer fabryczny:;;;;Poprzednie;;;;;;;25-10-2017,00:00;;;;041498,0000;;;;;;;;;;;;;;;;;;;;;;;
;71690696;;;;Różnica;;;;;;;;;;;000000,0000;;;;;;;;;;;;;;;;;;;;;;;
;Mnożna:;;1;;;;;;;;;;;;;;;;;;;;;;;;;;;;;;;;;;;;
;;;;;Zużycie;;;;;;;;;;;000000,0000;;;;Wh;;;;;;;;;;;;;;;;;;;
;Skala:;;1;;;Moce maksymalne bezstrefowo;;;;;;;;;;;;;;;;;;;;;;;;;;;;;;;;;
;Ilość cyfr liczydła:;;;6;;;;;;;;;;;;;;;;;;;;;;;;;;;;;;;;;;;
;Ilość cyfr ułamk.:;;;4;;;;;;;;;;;;;;;;;;;;;;;;;;;;;;;;;;;
;Wykonano z dnia:;;;;;;;;;;;;;;;;;;;;;;;;;;;;;;;;;;;;;;
;27-11-2017 11:40;;;;;;;;;;;;;;;;;;;;;;;;;;;;;;;;;;;;;;
;;;;;;;;;;;;;;;;;;;;;;;;;;;;;;;;;;;;;;;
;;;;;;;;;;;;;;;;;;;;;;;;;;;;;;;;;;;;;;;
;;;;;;;;;;;;;;;;;;;;;;;;;;;;;;;;;;;;;;;
;Typ licznika:;;;;G110 PL0000010328900000000000002014151_ECPP_P+;;;;;;;;;;;Strefa 1:;;;;;;Strefa 2:;;;;;Strefa 3:;;;;;Strefa 4:;;;;;;;
;LICZNIK INDUKCYJNY;;;;;;;;;;;;;;;Cała doba;;;;;;;;;;;;;;;;;;;;;;;
;Kierunek:;;;;;Stany liczydeł energii:;;;;;;;;;;;;;;;;;;;;;;;;;;;;;;;;;
;pobór;;;;Aktualne;;;;;;;25-10-2017,00:00;;;;019920,0000;;;;;;;;;;;;;;;;;;;;;;;
;Numer fabryczny:;;;;Poprzednie;;;;;;;25-10-2017,00:00;;;;019920,0000;;;;;;;;;;;;;;;;;;;;;;;
;71690986;;;;Różnica;;;;;;;;;;;000000,0000;;;;;;;;;;;;;;;;;;;;;;;
;Mnożna:;;1;;;;;;;;;;;;;;;;;;;;;;;;;;;;;;;;;;;;
;;;;;Zużycie;;;;;;;;;;;000000,0000;;;;Wh;;;;;;;;;;;;;;;;;;;
;Skala:;;1;;;Moce maksymalne bezstrefowo;;;;;;;;;;;;;;;;;;;;;;;;;;;;;;;;;
;Ilość cyfr liczydła:;;;6;;;;;;;;;;;;;;;;;;;;;;;;;;;;;;;;;;;
;Ilość cyfr ułamk.:;;;4;;;;;;;;;;;;;;;;;;;;;;;;;;;;;;;;;;;
;Wykonano z dnia:;;;;;;;;;;;;;;;;;;;;;;;;;;;;;;;;;;;;;;
;27-11-2017 11:40;;;;;;;;;;;;;;;;;;;;;;;;;;;;;;;;;;;;;;
;;;;;;;;;;;;;;;;;;;;;;;;;;;;;;;;;;;;;;;
;;;;;;;;;;;;;;;;;;;;;;;;;;;;;;;;;;;;;;;
;;;;;;;;;;;;;;;;;;;;;;;;;;;;;;;;;;;;;;;
;Typ licznika:;;;;G110 PL0000010328900000000000002013937_ECPP_P+;;;;;;;;;;;Strefa 1:;;;;;;Strefa 2:;;;;;Strefa 3:;;;;;Strefa 4:;;;;;;;
;LICZNIK INDUKCYJNY;;;;;;;;;;;;;;;Cała doba;;;;;;;;;;;;;;;;;;;;;;;
;Kierunek:;;;;;Stany liczydeł energii:;;;;;;;;;;;;;;;;;;;;;;;;;;;;;;;;;
;pobór;;;;Aktualne;;;;;;;25-10-2017,00:00;;;;007500,0000;;;;;;;;;;;;;;;;;;;;;;;
;Numer fabryczny:;;;;Poprzednie;;;;;;;25-10-2017,00:00;;;;007500,0000;;;;;;;;;;;;;;;;;;;;;;;
;71691183;;;;Różnica;;;;;;;;;;;000000,0000;;;;;;;;;;;;;;;;;;;;;;;
;Mnożna:;;1;;;;;;;;;;;;;;;;;;;;;;;;;;;;;;;;;;;;
;;;;;Zużycie;;;;;;;;;;;000000,0000;;;;Wh;;;;;;;;;;;;;;;;;;;
;Skala:;;1;;;Moce maksymalne bezstrefowo;;;;;;;;;;;;;;;;;;;;;;;;;;;;;;;;;
;Ilość cyfr liczydła:;;;6;;;;;;;;;;;;;;;;;;;;;;;;;;;;;;;;;;;
;Ilość cyfr ułamk.:;;;4;;;;;;;;;;;;;;;;;;;;;;;;;;;;;;;;;;;
;Wykonano z dnia:;;;;;;;;;;;;;;;;;;;;;;;;;;;;;;;;;;;;;;
;27-11-2017 11:40;;;;;;;;;;;;;;;;;;;;;;;;;;;;;;;;;;;;;;
;;;;;;;;;;;;;;;;;;;;;;;;;;;;;;;;;;;;;;;
;;;;;;;;;;;;;;;;;;;;;;;;;;;;;;;;;;;;;;;
;;;;;;;;;;;;;;;;;;;;;;;;;;;;;;;;;;;;;;;
;Typ licznika:;;;;G110 PL0000010328900000000000002013924_ECPP_P+;;;;;;;;;;;Strefa 1:;;;;;;Strefa 2:;;;;;Strefa 3:;;;;;Strefa 4:;;;;;;;
;LICZNIK INDUKCYJNY;;;;;;;;;;;;;;;Cała doba;;;;;;;;;;;;;;;;;;;;;;;
;Kierunek:;;;;;Stany liczydeł energii:;;;;;;;;;;;;;;;;;;;;;;;;;;;;;;;;;
;pobór;;;;Aktualne;;;;;;;25-10-2017,00:00;;;;008926,0000;;;;;;;;;;;;;;;;;;;;;;;
;Numer fabryczny:;;;;Poprzednie;;;;;;;25-10-2017,00:00;;;;008926,0000;;;;;;;;;;;;;;;;;;;;;;;
;71691164;;;;Różnica;;;;;;;;;;;000000,0000;;;;;;;;;;;;;;;;;;;;;;;
;Mnożna:;;1;;;;;;;;;;;;;;;;;;;;;;;;;;;;;;;;;;;;
;;;;;Zużycie;;;;;;;;;;;000000,0000;;;;Wh;;;;;;;;;;;;;;;;;;;
;Skala:;;1;;;Moce maksymalne bezstrefowo;;;;;;;;;;;;;;;;;;;;;;;;;;;;;;;;;
;Ilość cyfr liczydła:;;;6;;;;;;;;;;;;;;;;;;;;;;;;;;;;;;;;;;;
;Ilość cyfr ułamk.:;;;4;;;;;;;;;;;;;;;;;;;;;;;;;;;;;;;;;;;
;Wykonano z dnia:;;;;;;;;;;;;;;;;;;;;;;;;;;;;;;;;;;;;;;
;27-11-2017 11:40;;;;;;;;;;;;;;;;;;;;;;;;;;;;;;;;;;;;;;
;;;;;;;;;;;;;;;;;;;;;;;;;;;;;;;;;;;;;;;
;;;;;;;;;;;;;;;;;;;;;;;;;;;;;;;;;;;;;;;
;;;;;;;;;;;;;;;;;;;;;;;;;;;;;;;;;;;;;;;
;Typ licznika:;;;;G110 PL0000010328900000000000002013829_ECPP_P+;;;;;;;;;;;Strefa 1:;;;;;;Strefa 2:;;;;;Strefa 3:;;;;;Strefa 4:;;;;;;;
;LICZNIK INDUKCYJNY;;;;;;;;;;;;;;;Cała doba;;;;;;;;;;;;;;;;;;;;;;;
;Kierunek:;;;;;Stany liczydeł energii:;;;;;;;;;;;;;;;;;;;;;;;;;;;;;;;;;
;pobór;;;;Aktualne;;;;;;;25-10-2017,00:00;;;;007091,0000;;;;;;;;;;;;;;;;;;;;;;;
;Numer fabryczny:;;;;Poprzednie;;;;;;;25-10-2017,00:00;;;;007091,0000;;;;;;;;;;;;;;;;;;;;;;;
;71689808;;;;Różnica;;;;;;;;;;;000000,0000;;;;;;;;;;;;;;;;;;;;;;;
;Mnożna:;;1;;;;;;;;;;;;;;;;;;;;;;;;;;;;;;;;;;;;
;;;;;Zużycie;;;;;;;;;;;000000,0000;;;;Wh;;;;;;;;;;;;;;;;;;;
;Skala:;;1;;;Moce maksymalne bezstrefowo;;;;;;;;;;;;;;;;;;;;;;;;;;;;;;;;;
;Ilość cyfr liczydła:;;;6;;;;;;;;;;;;;;;;;;;;;;;;;;;;;;;;;;;
;Ilość cyfr ułamk.:;;;4;;;;;;;;;;;;;;;;;;;;;;;;;;;;;;;;;;;
;Wykonano z dnia:;;;;;;;;;;;;;;;;;;;;;;;;;;;;;;;;;;;;;;
;27-11-2017 11:40;;;;;;;;;;;;;;;;;;;;;;;;;;;;;;;;;;;;;;
;;;;;;;;;;;;;;;;;;;;;;;;;;;;;;;;;;;;;;;
;;;;;;;;;;;;;;;;;;;;;;;;;;;;;;;;;;;;;;;
;;;;;;;;;;;;;;;;;;;;;;;;;;;;;;;;;;;;;;;
;Typ licznika:;;;;G110 PL0000010328900000000000002013816_ECPP_P+;;;;;;;;;;;Strefa 1:;;;;;;Strefa 2:;;;;;Strefa 3:;;;;;Strefa 4:;;;;;;;
;LICZNIK INDUKCYJNY;;;;;;;;;;;;;;;Cała doba;;;;;;;;;;;;;;;;;;;;;;;
;Kierunek:;;;;;Stany liczydeł energii:;;;;;;;;;;;;;;;;;;;;;;;;;;;;;;;;;
;pobór;;;;Aktualne;;;;;;;25-10-2017,00:00;;;;007254,0000;;;;;;;;;;;;;;;;;;;;;;;
;Numer fabryczny:;;;;Poprzednie;;;;;;;25-10-2017,00:00;;;;007254,0000;;;;;;;;;;;;;;;;;;;;;;;
;71691141;;;;Różnica;;;;;;;;;;;000000,0000;;;;;;;;;;;;;;;;;;;;;;;
;Mnożna:;;1;;;;;;;;;;;;;;;;;;;;;;;;;;;;;;;;;;;;
;;;;;Zużycie;;;;;;;;;;;000000,0000;;;;Wh;;;;;;;;;;;;;;;;;;;
;Skala:;;1;;;Moce maksymalne bezstrefowo;;;;;;;;;;;;;;;;;;;;;;;;;;;;;;;;;
;Ilość cyfr liczydła:;;;6;;;;;;;;;;;;;;;;;;;;;;;;;;;;;;;;;;;
;Ilość cyfr ułamk.:;;;4;;;;;;;;;;;;;;;;;;;;;;;;;;;;;;;;;;;
;Wykonano z dnia:;;;;;;;;;;;;;;;;;;;;;;;;;;;;;;;;;;;;;;
;27-11-2017 11:40;;;;;;;;;;;;;;;;;;;;;;;;;;;;;;;;;;;;;;
;;;;;;;;;;;;;;;;;;;;;;;;;;;;;;;;;;;;;;;
;;;;;;;;;;;;;;;;;;;;;;;;;;;;;;;;;;;;;;;
;;;;;;;;;;;;;;;;;;;;;;;;;;;;;;;;;;;;;;;
;Typ licznika:;;;;G110 PL0000010328900000000000002013727_ECPP_P+;;;;;;;;;;;Strefa 1:;;;;;;Strefa 2:;;;;;Strefa 3:;;;;;Strefa 4:;;;;;;;
;LICZNIK INDUKCYJNY;;;;;;;;;;;;;;;Cała doba;;;;;;;;;;;;;;;;;;;;;;;
;Kierunek:;;;;;Stany liczydeł energii:;;;;;;;;;;;;;;;;;;;;;;;;;;;;;;;;;
;pobór;;;;Aktualne;;;;;;;25-10-2017,00:00;;;;006636,0000;;;;;;;;;;;;;;;;;;;;;;;
;Numer fabryczny:;;;;Poprzednie;;;;;;;25-10-2017,00:00;;;;006636,0000;;;;;;;;;;;;;;;;;;;;;;;
;71690975;;;;Różnica;;;;;;;;;;;000000,0000;;;;;;;;;;;;;;;;;;;;;;;
;Mnożna:;;1;;;;;;;;;;;;;;;;;;;;;;;;;;;;;;;;;;;;
;;;;;Zużycie;;;;;;;;;;;000000,0000;;;;Wh;;;;;;;;;;;;;;;;;;;
;Skala:;;1;;;Moce maksymalne bezstrefowo;;;;;;;;;;;;;;;;;;;;;;;;;;;;;;;;;
;Ilość cyfr liczydła:;;;6;;;;;;;;;;;;;;;;;;;;;;;;;;;;;;;;;;;
;Ilość cyfr ułamk.:;;;4;;;;;;;;;;;;;;;;;;;;;;;;;;;;;;;;;;;
;Wykonano z dnia:;;;;;;;;;;;;;;;;;;;;;;;;;;;;;;;;;;;;;;
;27-11-2017 11:40;;;;;;;;;;;;;;;;;;;;;;;;;;;;;;;;;;;;;;
;;;;;;;;;;;;;;;;;;;;;;;;;;;;;;;;;;;;;;;
;;;;;;;;;;;;;;;;;;;;;;;;;;;;;;;;;;;;;;;
;;;;;;;;;;;;;;;;;;;;;;;;;;;;;;;;;;;;;;;
;Typ licznika:;;;;G110 PL0000010328900000000000002013714_ECPP_P+;;;;;;;;;;;Strefa 1:;;;;;;Strefa 2:;;;;;Strefa 3:;;;;;Strefa 4:;;;;;;;
;LICZNIK INDUKCYJNY;;;;;;;;;;;;;;;Cała doba;;;;;;;;;;;;;;;;;;;;;;;
;Kierunek:;;;;;Stany liczydeł energii:;;;;;;;;;;;;;;;;;;;;;;;;;;;;;;;;;
;pobór;;;;Aktualne;;;;;;;25-10-2017,00:00;;;;185628,0000;;;;;;;;;;;;;;;;;;;;;;;
;Numer fabryczny:;;;;Poprzednie;;;;;;;25-10-2017,00:00;;;;185628,0000;;;;;;;;;;;;;;;;;;;;;;;
;71691241;;;;Różnica;;;;;;;;;;;000000,0000;;;;;;;;;;;;;;;;;;;;;;;
;Mnożna:;;1;;;;;;;;;;;;;;;;;;;;;;;;;;;;;;;;;;;;
;;;;;Zużycie;;;;;;;;;;;000000,0000;;;;Wh;;;;;;;;;;;;;;;;;;;
;Skala:;;1;;;Moce maksymalne bezstrefowo;;;;;;;;;;;;;;;;;;;;;;;;;;;;;;;;;
;Ilość cyfr liczydła:;;;6;;;;;;;;;;;;;;;;;;;;;;;;;;;;;;;;;;;
;Ilość cyfr ułamk.:;;;4;;;;;;;;;;;;;;;;;;;;;;;;;;;;;;;;;;;
;Wykonano z dnia:;;;;;;;;;;;;;;;;;;;;;;;;;;;;;;;;;;;;;;
;27-11-2017 11:40;;;;;;;;;;;;;;;;;;;;;;;;;;;;;;;;;;;;;;
;;;;;;;;;;;;;;;;;;;;;;;;;;;;;;;;;;;;;;;
;;;;;;;;;;;;;;;;;;;;;;;;;;;;;;;;;;;;;;;
;;;;;;;;;;;;;;;;;;;;;;;;;;;;;;;;;;;;;;;
;Typ licznika:;;;;G110 PL0000010328900000000000002001600_ECPP_P+;;;;;;;;;;;Strefa 1:;;;;;;Strefa 2:;;;;;Strefa 3:;;;;;Strefa 4:;;;;;;;
;LICZNIK INDUKCYJNY;;;;;;;;;;;;;;;Cała doba;;;;;;;;;;;;;;;;;;;;;;;
;Kierunek:;;;;;Stany liczydeł energii:;;;;;;;;;;;;;;;;;;;;;;;;;;;;;;;;;
;pobór;;;;Aktualne;;;;;;;25-10-2017,00:00;;;;001513,0000;;;;;;;;;;;;;;;;;;;;;;;
;Numer fabryczny:;;;;Poprzednie;;;;;;;25-10-2017,00:00;;;;001513,0000;;;;;;;;;;;;;;;;;;;;;;;
;71429589;;;;Różnica;;;;;;;;;;;000000,0000;;;;;;;;;;;;;;;;;;;;;;;
;Mnożna:;;1;;;;;;;;;;;;;;;;;;;;;;;;;;;;;;;;;;;;
;;;;;Zużycie;;;;;;;;;;;000000,0000;;;;Wh;;;;;;;;;;;;;;;;;;;
;Skala:;;1;;;Moce maksymalne bezstrefowo;;;;;;;;;;;;;;;;;;;;;;;;;;;;;;;;;
;Ilość cyfr liczydła:;;;6;;;;;;;;;;;;;;;;;;;;;;;;;;;;;;;;;;;
;Ilość cyfr ułamk.:;;;4;;;;;;;;;;;;;;;;;;;;;;;;;;;;;;;;;;;
;Wykonano z dnia:;;;;;;;;;;;;;;;;;;;;;;;;;;;;;;;;;;;;;;
;27-11-2017 11:40;;;;;;;;;;;;;;;;;;;;;;;;;;;;;;;;;;;;;;
;;;;;;;;;;;;;;;;;;;;;;;;;;;;;;;;;;;;;;;
;;;;;;;;;;;;;;;;;;;;;;;;;;;;;;;;;;;;;;;
;;;;;;;;;;;;;;;;;;;;;;;;;;;;;;;;;;;;;;;
;Typ licznika:;;;;G110 PL0000010328900000000000002001599_ECPP_P+;;;;;;;;;;;Strefa 1:;;;;;;Strefa 2:;;;;;Strefa 3:;;;;;Strefa 4:;;;;;;;
;LICZNIK INDUKCYJNY;;;;;;;;;;;;;;;Cała doba;;;;;;;;;;;;;;;;;;;;;;;
;Kierunek:;;;;;Stany liczydeł energii:;;;;;;;;;;;;;;;;;;;;;;;;;;;;;;;;;
;pobór;;;;Aktualne;;;;;;;25-10-2017,00:00;;;;018483,0000;;;;;;;;;;;;;;;;;;;;;;;
;Numer fabryczny:;;;;Poprzednie;;;;;;;25-10-2017,00:00;;;;018483,0000;;;;;;;;;;;;;;;;;;;;;;;
;71429601;;;;Różnica;;;;;;;;;;;000000,0000;;;;;;;;;;;;;;;;;;;;;;;
;Mnożna:;;1;;;;;;;;;;;;;;;;;;;;;;;;;;;;;;;;;;;;
;;;;;Zużycie;;;;;;;;;;;000000,0000;;;;Wh;;;;;;;;;;;;;;;;;;;
;Skala:;;1;;;Moce maksymalne bezstrefowo;;;;;;;;;;;;;;;;;;;;;;;;;;;;;;;;;
;Ilość cyfr liczydła:;;;6;;;;;;;;;;;;;;;;;;;;;;;;;;;;;;;;;;;
;Ilość cyfr ułamk.:;;;4;;;;;;;;;;;;;;;;;;;;;;;;;;;;;;;;;;;
;Wykonano z dnia:;;;;;;;;;;;;;;;;;;;;;;;;;;;;;;;;;;;;;;
;27-11-2017 11:40;;;;;;;;;;;;;;;;;;;;;;;;;;;;;;;;;;;;;;
;;;;;;;;;;;;;;;;;;;;;;;;;;;;;;;;;;;;;;;
;;;;;;;;;;;;;;;;;;;;;;;;;;;;;;;;;;;;;;;
;;;;;;;;;;;;;;;;;;;;;;;;;;;;;;;;;;;;;;;
;Typ licznika:;;;;G110 PL0000010328900000000000002001598_ECPP_P+;;;;;;;;;;;Strefa 1:;;;;;;Strefa 2:;;;;;Strefa 3:;;;;;Strefa 4:;;;;;;;
;LICZNIK INDUKCYJNY;;;;;;;;;;;;;;;Cała doba;;;;;;;;;;;;;;;;;;;;;;;
;Kierunek:;;;;;Stany liczydeł energii:;;;;;;;;;;;;;;;;;;;;;;;;;;;;;;;;;
;pobór;;;;Aktualne;;;;;;;23-11-2017,00:00;;;;035584,0000;;;;;;;;;;;;;;;;;;;;;;;
;Numer fabryczny:;;;;Poprzednie;;;;;;;23-11-2017,00:00;;;;035584,0000;;;;;;;;;;;;;;;;;;;;;;;
;71429600;;;;Różnica;;;;;;;;;;;000000,0000;;;;;;;;;;;;;;;;;;;;;;;
;Mnożna:;;1;;;;;;;;;;;;;;;;;;;;;;;;;;;;;;;;;;;;
;;;;;Zużycie;;;;;;;;;;;000000,0000;;;;Wh;;;;;;;;;;;;;;;;;;;
;Skala:;;1;;;Moce maksymalne bezstrefowo;;;;;;;;;;;;;;;;;;;;;;;;;;;;;;;;;
;Ilość cyfr liczydła:;;;6;;;;;;;;;;;;;;;;;;;;;;;;;;;;;;;;;;;
;Ilość cyfr ułamk.:;;;4;;;;;;;;;;;;;;;;;;;;;;;;;;;;;;;;;;;
;Wykonano z dnia:;;;;;;;;;;;;;;;;;;;;;;;;;;;;;;;;;;;;;;
;27-11-2017 11:40;;;;;;;;;;;;;;;;;;;;;;;;;;;;;;;;;;;;;;
;;;;;;;;;;;;;;;;;;;;;;;;;;;;;;;;;;;;;;;
;;;;;;;;;;;;;;;;;;;;;;;;;;;;;;;;;;;;;;;
;;;;;;;;;;;;;;;;;;;;;;;;;;;;;;;;;;;;;;;
;Typ licznika:;;;;G110 PL0000010328900000000000002001548_ECPP_P+;;;;;;;;;;;Strefa 1:;;;;;;Strefa 2:;;;;;Strefa 3:;;;;;Strefa 4:;;;;;;;
;LICZNIK INDUKCYJNY;;;;;;;;;;;;;;;Cała doba;;;;;;;;;;;;;;;;;;;;;;;
;Kierunek:;;;;;Stany liczydeł energii:;;;;;;;;;;;;;;;;;;;;;;;;;;;;;;;;;
;pobór;;;;Aktualne;;;;;;;25-10-2017,00:00;;;;009234,0000;;;;;;;;;;;;;;;;;;;;;;;
;Numer fabryczny:;;;;Poprzednie;;;;;;;25-10-2017,00:00;;;;009234,0000;;;;;;;;;;;;;;;;;;;;;;;
;71434473;;;;Różnica;;;;;;;;;;;000000,0000;;;;;;;;;;;;;;;;;;;;;;;
;Mnożna:;;1;;;;;;;;;;;;;;;;;;;;;;;;;;;;;;;;;;;;
;;;;;Zużycie;;;;;;;;;;;000000,0000;;;;Wh;;;;;;;;;;;;;;;;;;;
;Skala:;;1;;;Moce maksymalne bezstrefowo;;;;;;;;;;;;;;;;;;;;;;;;;;;;;;;;;
;Ilość cyfr liczydła:;;;6;;;;;;;;;;;;;;;;;;;;;;;;;;;;;;;;;;;
;Ilość cyfr ułamk.:;;;4;;;;;;;;;;;;;;;;;;;;;;;;;;;;;;;;;;;
;Wykonano z dnia:;;;;;;;;;;;;;;;;;;;;;;;;;;;;;;;;;;;;;;
;27-11-2017 11:40;;;;;;;;;;;;;;;;;;;;;;;;;;;;;;;;;;;;;;
;;;;;;;;;;;;;;;;;;;;;;;;;;;;;;;;;;;;;;;
;;;;;;;;;;;;;;;;;;;;;;;;;;;;;;;;;;;;;;;
;;;;;;;;;;;;;;;;;;;;;;;;;;;;;;;;;;;;;;;
;Typ licznika:;;;;G110 PL0000010328900000000000002001547_ECPP_P+;;;;;;;;;;;Strefa 1:;;;;;;Strefa 2:;;;;;Strefa 3:;;;;;Strefa 4:;;;;;;;
;LICZNIK INDUKCYJNY;;;;;;;;;;;;;;;Cała doba;;;;;;;;;;;;;;;;;;;;;;;
;Kierunek:;;;;;Stany liczydeł energii:;;;;;;;;;;;;;;;;;;;;;;;;;;;;;;;;;
;pobór;;;;Aktualne;;;;;;;25-10-2017,00:00;;;;010778,0000;;;;;;;;;;;;;;;;;;;;;;;
;Numer fabryczny:;;;;Poprzednie;;;;;;;25-10-2017,00:00;;;;010778,0000;;;;;;;;;;;;;;;;;;;;;;;
;71434457;;;;Różnica;;;;;;;;;;;000000,0000;;;;;;;;;;;;;;;;;;;;;;;
;Mnożna:;;1;;;;;;;;;;;;;;;;;;;;;;;;;;;;;;;;;;;;
;;;;;Zużycie;;;;;;;;;;;000000,0000;;;;Wh;;;;;;;;;;;;;;;;;;;
;Skala:;;1;;;Moce maksymalne bezstrefowo;;;;;;;;;;;;;;;;;;;;;;;;;;;;;;;;;
;Ilość cyfr liczydła:;;;6;;;;;;;;;;;;;;;;;;;;;;;;;;;;;;;;;;;
;Ilość cyfr ułamk.:;;;4;;;;;;;;;;;;;;;;;;;;;;;;;;;;;;;;;;;
;Wykonano z dnia:;;;;;;;;;;;;;;;;;;;;;;;;;;;;;;;;;;;;;;
;27-11-2017 11:40;;;;;;;;;;;;;;;;;;;;;;;;;;;;;;;;;;;;;;
;;;;;;;;;;;;;;;;;;;;;;;;;;;;;;;;;;;;;;;
;;;;;;;;;;;;;;;;;;;;;;;;;;;;;;;;;;;;;;;
;;;;;;;;;;;;;;;;;;;;;;;;;;;;;;;;;;;;;;;
;Typ licznika:;;;;G110 PL0000010328900000000000002001546_ECPP_P+;;;;;;;;;;;Strefa 1:;;;;;;Strefa 2:;;;;;Strefa 3:;;;;;Strefa 4:;;;;;;;
;LICZNIK INDUKCYJNY;;;;;;;;;;;;;;;Cała doba;;;;;;;;;;;;;;;;;;;;;;;
;Kierunek:;;;;;Stany liczydeł energii:;;;;;;;;;;;;;;;;;;;;;;;;;;;;;;;;;
;pobór;;;;Aktualne;;;;;;;25-10-2017,00:00;;;;036989,0000;;;;;;;;;;;;;;;;;;;;;;;
;Numer fabryczny:;;;;Poprzednie;;;;;;;25-10-2017,00:00;;;;036989,0000;;;;;;;;;;;;;;;;;;;;;;;
;71434461;;;;Różnica;;;;;;;;;;;000000,0000;;;;;;;;;;;;;;;;;;;;;;;
;Mnożna:;;1;;;;;;;;;;;;;;;;;;;;;;;;;;;;;;;;;;;;
;;;;;Zużycie;;;;;;;;;;;000000,0000;;;;Wh;;;;;;;;;;;;;;;;;;;
;Skala:;;1;;;Moce maksymalne bezstrefowo;;;;;;;;;;;;;;;;;;;;;;;;;;;;;;;;;
;Ilość cyfr liczydła:;;;6;;;;;;;;;;;;;;;;;;;;;;;;;;;;;;;;;;;
;Ilość cyfr ułamk.:;;;4;;;;;;;;;;;;;;;;;;;;;;;;;;;;;;;;;;;
;Wykonano z dnia:;;;;;;;;;;;;;;;;;;;;;;;;;;;;;;;;;;;;;;
;27-11-2017 11:40;;;;;;;;;;;;;;;;;;;;;;;;;;;;;;;;;;;;;;
;;;;;;;;;;;;;;;;;;;;;;;;;;;;;;;;;;;;;;;
;;;;;;;;;;;;;;;;;;;;;;;;;;;;;;;;;;;;;;;
;;;;;;;;;;;;;;;;;;;;;;;;;;;;;;;;;;;;;;;
;Typ licznika:;;;;G110 PL0000010328900000000000002001506_ECPP_P+;;;;;;;;;;;Strefa 1:;;;;;;Strefa 2:;;;;;Strefa 3:;;;;;Strefa 4:;;;;;;;
;LICZNIK INDUKCYJNY;;;;;;;;;;;;;;;Cała doba;;;;;;;;;;;;;;;;;;;;;;;
;Kierunek:;;;;;Stany liczydeł energii:;;;;;;;;;;;;;;;;;;;;;;;;;;;;;;;;;
;pobór;;;;Aktualne;;;;;;;25-10-2017,00:00;;;;011657,0000;;;;;;;;;;;;;;;;;;;;;;;
;Numer fabryczny:;;;;Poprzednie;;;;;;;25-10-2017,00:00;;;;011657,0000;;;;;;;;;;;;;;;;;;;;;;;
;71476797;;;;Różnica;;;;;;;;;;;000000,0000;;;;;;;;;;;;;;;;;;;;;;;
;Mnożna:;;1;;;;;;;;;;;;;;;;;;;;;;;;;;;;;;;;;;;;
;;;;;Zużycie;;;;;;;;;;;000000,0000;;;;Wh;;;;;;;;;;;;;;;;;;;
;Skala:;;1;;;Moce maksymalne bezstrefowo;;;;;;;;;;;;;;;;;;;;;;;;;;;;;;;;;
;Ilość cyfr liczydła:;;;6;;;;;;;;;;;;;;;;;;;;;;;;;;;;;;;;;;;
;Ilość cyfr ułamk.:;;;4;;;;;;;;;;;;;;;;;;;;;;;;;;;;;;;;;;;
;Wykonano z dnia:;;;;;;;;;;;;;;;;;;;;;;;;;;;;;;;;;;;;;;
;27-11-2017 11:40;;;;;;;;;;;;;;;;;;;;;;;;;;;;;;;;;;;;;;
;;;;;;;;;;;;;;;;;;;;;;;;;;;;;;;;;;;;;;;
;;;;;;;;;;;;;;;;;;;;;;;;;;;;;;;;;;;;;;;
;;;;;;;;;;;;;;;;;;;;;;;;;;;;;;;;;;;;;;;
;Typ licznika:;;;;G110 PL0000010328900000000000002001505_ECPP_P+;;;;;;;;;;;Strefa 1:;;;;;;Strefa 2:;;;;;Strefa 3:;;;;;Strefa 4:;;;;;;;
;LICZNIK INDUKCYJNY;;;;;;;;;;;;;;;Cała doba;;;;;;;;;;;;;;;;;;;;;;;
;Kierunek:;;;;;Stany liczydeł energii:;;;;;;;;;;;;;;;;;;;;;;;;;;;;;;;;;
;pobór;;;;Aktualne;;;;;;;25-10-2017,00:00;;;;007320,0000;;;;;;;;;;;;;;;;;;;;;;;
;Numer fabryczny:;;;;Poprzednie;;;;;;;25-10-2017,00:00;;;;007320,0000;;;;;;;;;;;;;;;;;;;;;;;
;71475754;;;;Różnica;;;;;;;;;;;000000,0000;;;;;;;;;;;;;;;;;;;;;;;
;Mnożna:;;1;;;;;;;;;;;;;;;;;;;;;;;;;;;;;;;;;;;;
;;;;;Zużycie;;;;;;;;;;;000000,0000;;;;Wh;;;;;;;;;;;;;;;;;;;
;Skala:;;1;;;Moce maksymalne bezstrefowo;;;;;;;;;;;;;;;;;;;;;;;;;;;;;;;;;
;Ilość cyfr liczydła:;;;6;;;;;;;;;;;;;;;;;;;;;;;;;;;;;;;;;;;
;Ilość cyfr ułamk.:;;;4;;;;;;;;;;;;;;;;;;;;;;;;;;;;;;;;;;;
;Wykonano z dnia:;;;;;;;;;;;;;;;;;;;;;;;;;;;;;;;;;;;;;;
;27-11-2017 11:40;;;;;;;;;;;;;;;;;;;;;;;;;;;;;;;;;;;;;;
;;;;;;;;;;;;;;;;;;;;;;;;;;;;;;;;;;;;;;;
;;;;;;;;;;;;;;;;;;;;;;;;;;;;;;;;;;;;;;;
;;;;;;;;;;;;;;;;;;;;;;;;;;;;;;;;;;;;;;;
;Typ licznika:;;;;G110 PL0000010328900000000000002001504_ECPP_P+;;;;;;;;;;;Strefa 1:;;;;;;Strefa 2:;;;;;Strefa 3:;;;;;Strefa 4:;;;;;;;
;LICZNIK INDUKCYJNY;;;;;;;;;;;;;;;Cała doba;;;;;;;;;;;;;;;;;;;;;;;
;Kierunek:;;;;;Stany liczydeł energii:;;;;;;;;;;;;;;;;;;;;;;;;;;;;;;;;;
;pobór;;;;Aktualne;;;;;;;25-10-2017,00:00;;;;028387,0000;;;;;;;;;;;;;;;;;;;;;;;
;Numer fabryczny:;;;;Poprzednie;;;;;;;25-10-2017,00:00;;;;028387,0000;;;;;;;;;;;;;;;;;;;;;;;
;71478851;;;;Różnica;;;;;;;;;;;000000,0000;;;;;;;;;;;;;;;;;;;;;;;
;Mnożna:;;1;;;;;;;;;;;;;;;;;;;;;;;;;;;;;;;;;;;;
;;;;;Zużycie;;;;;;;;;;;000000,0000;;;;Wh;;;;;;;;;;;;;;;;;;;
;Skala:;;1;;;Moce maksymalne bezstrefowo;;;;;;;;;;;;;;;;;;;;;;;;;;;;;;;;;
;Ilość cyfr liczydła:;;;6;;;;;;;;;;;;;;;;;;;;;;;;;;;;;;;;;;;
;Ilość cyfr ułamk.:;;;4;;;;;;;;;;;;;;;;;;;;;;;;;;;;;;;;;;;
;Wykonano z dnia:;;;;;;;;;;;;;;;;;;;;;;;;;;;;;;;;;;;;;;
;27-11-2017 11:40;;;;;;;;;;;;;;;;;;;;;;;;;;;;;;;;;;;;;;
;;;;;;;;;;;;;;;;;;;;;;;;;;;;;;;;;;;;;;;
;;;;;;;;;;;;;;;;;;;;;;;;;;;;;;;;;;;;;;;
;;;;;;;;;;;;;;;;;;;;;;;;;;;;;;;;;;;;;;;
;;;;;;;;;;;;;;;;;;;;;;;;;;;;;;;;;;;;;;;
;Legenda:;;;;;;;Znaczniki stanów:
E - stan został obliczony na podstawie danych energetycznych
F - nastąpiło obcięcie stanu do formatu licznika
# - stan ręczny;;;;;;;;;;;Znaczniki energii:
W - wykryto wymianę licznika
P - wykryto przekręcenie licznika
- - wykryto błedną sekwencję stanów w trakcie wymiany;;;;;;;;;;;;;;;;;;;;
;;;;;;;;;ZA - stan założenia licznika
ZD - stan zdjęcia licznika;;;;;;;;;;;;;;;;;;;;;;;;;;;;;;
;;;;;;;;;;;;;;;;;;;;;;;;;;;;;;;;;;;;;;;
;;Strona: 1/;;;;;;;;;;;;;;;;;1;;;;;;;;;;;;;;;;;;;;
